id,cost,elapsed_min,x_drift_mm,y_drift_mm,z_drift_mm,x_cost,y_cost,z_cost,sliding_friction,torsional_friction,rolling_friction,solref_timeconst,solimp_dmin,solimp_width,solimp_midpoint,solimp_power,noslip_iterations,noslip_tolerance,margin,Br,max_magnetic_distance,max_force_per_wheel
0b9f0365,0.0,0.0,0.0,0.0,0.0,0.0,0.0,0.0,0.1993100709452574,0.002874223669426775,4.946613168877267e-05,0.009055529556270276,0.42975298406136814,0.00026900333149851416,0.968070582529494,4.730236174578289,29.859153660095863,4.6001632589744214e-05,0.0017872916114269031,0.8063697911592902,0.040943259645358665,816.8905499221898
d11b60d2,0.0,0.0,0.0,0.0,0.0,0.0,0.0,0.0,0.04295756422555143,0.0021444362438545104,1.5708998330346772e-05,0.003928938310446146,0.22758888578408776,0.0001192068806249882,0.9397040528052174,4.432265416510619,30.020259040227828,1.1818484916793519e-05,0.0016750156121139899,1.0525935015564154,0.015641476661022495,973.8158448775185
909b5376,0.0,0.0,0.0,0.0,0.0,0.0,0.0,0.0,0.09339494933808686,0.0025851846141411662,2.0868283446346104e-05,0.011368139889934525,0.4959507747329578,0.0001522933903229267,0.7467687614763326,4.133737748566864,30.062660868786388,8.167329288255346e-06,0.000776378301971622,1.0952352792353568,0.05769525428535812,954.8077302133473
c8cbf0e1,0.0,0.0,0.0,0.0,0.0,0.0,0.0,0.0,0.13056311803655463,0.002568434936758969,1.1387810578737103e-05,0.0019232884507032308,0.36180639453180125,0.0006563603396399252,0.6030876958689249,3.971074730424728,30.097227968720716,2.423659482073512e-05,0.0014990809424062408,1.3266466775618337,0.07061610116703244,1019.7892635857074
4287ecab,0.0,0.0,0.0,0.0,0.0,0.0,0.0,0.0,0.07920447887255155,0.0025540885841656047,3.975389984867625e-05,0.006203926927048612,0.35624567502786786,0.00027816424948169834,0.16809239556858502,4.141129041113973,30.243764711324804,8.0702146621604e-05,0.002381423535591114,1.5899946728992096,0.04447194052715104,882.466938061067
783c5dff,0.0,0.0,0.0,0.0,0.0,0.0,0.0,0.0,0.18152384390307244,0.009149821419043911,3.0849782856582656e-05,0.0093196183106372,0.18793475878613752,0.0005579241422278355,0.5261146800657428,4.410295552277079,30.027529019492828,8.011432159817545e-06,0.002147284558689173,1.1794179429065261,0.09495987827374779,892.0977157910166
790f7a91,0.0,0.0,0.0,0.0,0.0,0.0,0.0,0.0,0.0809034267427688,0.002236002832299955,5.951447363248767e-05,0.003968500045340962,0.34106966845279785,0.00045079903697230244,0.5291238888810588,4.790600762088107,29.78937805415288,2.521727742862326e-05,0.001889194412488823,0.5192770143067864,0.04250406954423689,963.2801048187304
6880945c,0.0,0.0,0.0,0.0,0.0,0.0,0.0,0.0,0.1419217752058383,0.0026892031335879083,1.189558335228154e-05,0.0023648579065057755,0.3971841762549784,0.00018168225904488907,0.4516132496523704,4.621218287463668,30.565871937901846,3.567590734262526e-05,0.00291082503904865,0.9661836801664964,0.012026559624081761,935.4582811768474
1514906f,0.0,0.0,0.0,0.0,0.0,0.0,0.0,0.0,0.14742938735204061,0.017337052844160723,2.7687981643709608e-05,0.003894620737291021,0.4895863203226371,0.00014105559846474045,0.8428541911513149,4.725585549374272,30.237316364483608,1.6872327408667625e-05,0.004291370551894975,0.5287598744105895,0.0519583434863509,1087.319612054085
26f5bb47,0.0,0.0,0.0,0.0,0.0,0.0,0.0,0.0,0.07134344890457543,0.0021385040366532684,3.38762729213506e-05,0.0022333443251238943,0.036107444454275786,0.0003315654424789104,0.18130205671369665,4.642081281178184,29.724164848838125,9.225613740516871e-05,0.0013649905460939252,0.8617207460677562,0.060765384173907026,845.547613957656
cf86fb7f,0.0,0.0,0.0,0.0,0.0,0.0,0.0,0.0,0.1654828448038272,0.007800891308004739,1.041721397798527e-05,0.003592450154892358,0.5779659520658866,0.0005426890389158529,0.12890683482537818,4.103853112526325,30.156586943533828,3.882382009090899e-05,0.002900058453889127,1.1736200905240828,0.021655811533157036,960.5809722737647
e5b8a277,0.0,0.0,0.0,0.0,0.0,0.0,0.0,0.0,0.17315567904517995,0.0019306067007862423,0.00011474568196951924,0.004386836005276237,0.14260384521632025,0.0004977022451602439,0.20758923305393223,4.736131284331053,30.34758860466334,1.7938552279827424e-05,0.003847823113630044,1.2101511757771934,0.06112505185937949,1076.5677878520023
56fb67d5,0.0,0.0,0.0,0.0,0.0,0.0,0.0,0.0,0.11937092605089915,0.001878790446296348,1.7105814771355517e-05,0.0017999245156184057,0.47686915673751096,0.00040026481926944363,0.5830090185446307,4.748161178662724,30.003900679009753,8.63126080503038e-05,0.0020783617333199464,1.4327100798301855,0.05337020510411635,867.7024096524506
371a087a,0.0,0.0,0.0,0.0,0.0,0.0,0.0,0.0,0.06749121529273176,0.004413084482547573,2.709946303270155e-05,0.005178481668872775,0.6419733155477986,0.0003007121225231129,0.24595644084725116,4.045534471098037,29.8660416870542,5.713837652047752e-05,0.0028440906481959813,0.5623372342449545,0.03904335480812393,974.6844805436066
23f19b9b,0.0,0.0,0.0,0.0,0.0,0.0,0.0,0.0,0.07679938936837995,0.0035165572849227373,3.292022086445488e-05,0.0014358373185382298,0.6073377414898392,0.0004658417001746032,0.8249223354994591,4.816148519224656,29.586687380849593,1.654411135488576e-05,0.003284708410217573,1.267972948999345,0.04944376699097648,1085.9395055585908
35f93e47,0.0,0.0,0.0,0.0,0.0,0.0,0.0,0.0,0.20978872863036827,0.006929005542641084,6.112270606190552e-05,0.004959289592036988,0.4054178754443396,0.0005341888662840272,0.26814746742340434,4.428952641816245,29.854386775332856,3.346285806478671e-05,0.004869529755490553,0.5032452600801006,0.055651580615266635,827.7082622475523
f185ad81,0.0,0.0,0.0,0.0,0.0,0.0,0.0,0.0,0.12962871137827045,0.0055079720115112024,4.384474250842747e-05,0.008931950613700546,0.5038483535078583,0.00011367870258174546,0.695909579524908,4.801788676702304,29.65867397016927,3.651527989610102e-05,0.0008739964432665152,1.6149459062245357,0.09732447410336972,813.8206950213771
2c65f6de,0.0,0.0,0.0,0.0,0.0,0.0,0.0,0.0,0.09855163270981965,0.005230979756926983,4.114183346760187e-05,0.009152414350072429,0.5491386863799037,7.294316449828287e-05,0.8988338920540578,4.525760043930154,29.92726022530114,3.1741175380586356e-05,0.00018353807065933913,1.4315484547996322,0.0683851707954731,853.3329084198882
bf9039be,0.0,0.0,0.0,0.0,0.0,0.0,0.0,0.0,0.10612619159900645,0.001768038948969655,1.6187316966105214e-05,0.004386541711093398,0.0620148532338034,0.0004477489127879187,0.7750101764729347,3.9236554072287015,29.918792541429685,0.00018969357808009814,0.002037546883013779,0.5086372966183313,0.012529595160673193,924.3210556772017
88178ee0,0.0,0.0,0.0,0.0,0.0,0.0,0.0,0.0,0.09275236388951417,0.00154339346091646,5.185378988145233e-05,0.016372210742983867,0.40882221246168,0.0002623536926760639,0.4529745528546642,4.094320479418959,29.989846375605353,2.900354477812649e-05,0.0027000164160578414,0.6641962320226396,0.01895397997366747,1014.7589930731139
d0797693,0.0,0.0,0.0,0.0,0.0,0.0,0.0,0.0,0.09000486959227638,0.0012743045944361754,4.190541243410365e-05,0.017428873416208284,0.23887254686895454,0.0002190730335683974,0.4509044027377913,4.601326599655217,30.29835381409804,3.993009749098984e-05,0.0007719537307424319,0.9723843364477841,0.030587898259185176,851.054674543489
c20f95d6,0.0,0.0,0.0,0.0,0.0,0.0,0.0,0.0,0.10425317348758918,0.0024207831864189026,2.8884542878858922e-05,0.0029822372479318365,0.39166774634503193,0.00022605543982623258,0.5669296369323465,4.42198289404207,30.39878932092642,1.0810967200939891e-05,0.0015452302133471642,0.6193341179383405,0.049929451115613685,925.614295846675
c28fb8bb,0.0,0.0,0.0,0.0,0.0,0.0,0.0,0.0,0.11725645574510728,0.003188150154661076,3.3476632141400765e-05,0.007684951309364795,0.42829252196737744,0.00027691084570614515,0.7597418570511804,4.283667688471404,29.839070317594555,9.594289744979847e-06,0.0005519670658860781,0.7819297621731018,0.01710771853988553,888.0945421842812
28a475fe,0.0,0.0,0.0,0.0,0.0,0.0,0.0,0.0,0.05714562360137013,0.0018799286567477223,1.835899468371271e-05,0.0023965512519459426,0.10469851988128309,0.00014292772687626593,0.5355986965146637,4.269824812654389,29.69554383790759,3.741572762171225e-05,0.00018280621340203423,1.4105985385851398,0.021975465171091484,860.8910102044906
ec7be6f5,0.0,0.0,0.0,0.0,0.0,0.0,0.0,0.0,0.08213231630419739,0.0015201088163801614,3.587446798844718e-05,0.0037312206044244596,0.28329986361092235,0.00029920671635109644,0.8603255212147011,4.649993109315493,29.970696738413185,3.595904080691343e-05,0.0032647515214285702,1.001801889057713,0.02522162932869269,875.7347300440274
02b3484b,0.0,0.0,0.0,0.0,0.0,0.0,0.0,0.0,0.12699801212211573,0.004051537820182596,2.539759781705232e-05,0.010568801172969986,0.16723669791253928,0.0003903618125599979,0.5267313012912821,4.277432837433115,30.175755285643895,2.3830216384266872e-05,0.00087013240617375,1.6143774648401423,0.06788045977595737,821.8141813315367
abe97cee,0.0,0.0,0.0,0.0,0.0,0.0,0.0,0.0,0.06425749000589853,0.0026358613945821436,1.6064749487902456e-05,0.012047505490486646,0.49530217652488795,0.00014912233217115632,0.2082239532662069,4.703357725990004,30.0017686820362,8.305929877768133e-06,0.0020815344752890272,0.8717981196520747,0.035518020782145894,909.5395319019185
e9bd92bb,0.0,0.0,0.0,0.0,0.0,0.0,0.0,0.0,0.06303417620694264,0.0038527964086191753,1.2679564588558019e-05,0.019332645646662365,0.7560456819845236,0.00016919355595398816,0.8066384627580354,4.600851115415761,29.743121228391455,2.423014472637292e-05,0.00434958616530877,0.539986418378242,0.0804597577711442,869.9723857744374
84db8d84,0.0,0.0,0.0,0.0,0.0,0.0,0.0,0.0,0.2486224319373434,0.0025214258216477822,2.1211327783619353e-05,0.003269151642963721,0.07490482395082787,9.669877934331204e-05,0.9343758149223348,4.410702645288173,29.697238817397995,2.602166396774886e-05,0.0023412566806660638,1.9992827439922742,0.051038344274152984,806.1201031129214
417204b9,0.0,0.0,0.0,0.0,0.0,0.0,0.0,0.0,0.12845205530987497,0.004635422069951696,1.6622309777548842e-05,0.007563551851366344,0.06774285437987843,9.420427320352286e-05,0.3719752671791164,4.625041267818844,30.286718324929804,1.5755013076659493e-05,0.0009410699796528036,1.6755041096925363,0.04620229038105539,1007.95288213079
1de28288,0.0,0.0,0.0,0.0,0.0,0.0,0.0,0.0,0.08271072242277898,0.009947609193212166,1.5966756982130793e-05,0.004262247972014565,0.0045569485352857245,0.0001211112257063202,0.9252109475374224,4.376933785782472,30.058043106193207,3.265931066456256e-05,0.0006688415327946373,0.5034687864590943,0.01238667485192446,810.609992467617
d8c69968,0.0,0.0,0.0,0.0,0.0,0.0,0.0,0.0,0.16290760738722884,0.001976764057934165,4.0667097724197524e-05,0.0034476471208264164,0.08063200766672063,0.000368617788844189,0.7951360940658627,3.927603328907827,29.931150970626806,3.844864570236611e-05,0.004763798117342228,1.0355352572136014,0.07779384227491057,830.5004759812578
3fecb7c5,0.0,0.0,0.0,0.0,0.0,0.0,0.0,0.0,0.06232937058751346,0.002505318125806966,1.2288793075530798e-05,0.012587697802456192,0.4885445324510108,0.0002427231881970688,0.9899891137724037,4.512511543695041,29.78428893254261,1.0163353092376114e-05,0.0006032591974889209,0.901914305332712,0.031205367093946387,881.5189337441598
34055e73,0.0,0.0,0.0,0.0,0.0,0.0,0.0,0.0,0.19630142144671983,0.0019954398937736795,1.971100821326226e-05,0.019506652036732217,0.11399936105012487,0.0003678764070396752,0.9874947195491465,4.78081140772241,29.71251993775134,2.6650390884223085e-05,0.001356307688911718,0.9120973528749587,0.019131748368629145,883.4470566421575
5deab4c2,0.0,0.0,0.0,0.0,0.0,0.0,0.0,0.0,0.06848757007733947,0.0029243035564931333,1.6737769408116032e-05,0.0073873700189320745,0.08675686632700741,0.00022205417650452328,0.8366110473769172,4.55695637061346,29.953069618491657,1.084433930542517e-05,1.3786566371360404e-05,0.8029948585535445,0.02034996959172612,810.363204297976
6821211b,0.0,0.0,0.0,0.0,0.0,0.0,0.0,0.0,0.21255200032816474,0.0026986592776096436,0.00010154920561008159,0.009897473080090119,0.009428937761021383,9.07092953343856e-05,0.6492428749133755,5.033860652872774,29.784279196000888,8.941948735702875e-05,0.0026805489701937297,1.2506604147654838,0.02186847957955124,814.520357627429
f71f79d8,0.0,0.0,0.0,0.0,0.0,0.0,0.0,0.0,0.12081019751272973,0.0022041410046095443,3.501062561360753e-05,0.013362320451897988,0.13687338393827186,0.000400426861507237,0.517529427108953,4.563478749631321,30.052437905865006,3.854032385806322e-05,0.0012599104966020188,1.0285481384062172,0.034029697532505204,939.1605702650855
0aeced9b,0.0,0.0,0.0,0.0,0.0,0.0,0.0,0.0,0.08983080570254477,0.0012814183720726644,2.3948872677656662e-05,0.0046950488429211975,0.7347939697485606,0.0002589572411476401,0.9798092610896587,4.622106753741496,30.16041483829102,2.284503871638751e-05,0.003916308224950855,0.8457492216975468,0.04053453095550133,895.7551318932223
352d2d49,0.0,0.0,0.0,0.0,0.0,0.0,0.0,0.0,0.16118584351149032,0.004972223361854003,6.968313384192552e-05,0.013224262145204575,0.8422000899715415,0.00033606144304030775,0.23184995423781268,4.631549502311796,29.613564963649992,0.00012249279817851154,0.0014458722835944287,1.1879544799828707,0.022297419948772844,939.0976986335504
3b1dbf1e,0.0,0.0,0.0,0.0,0.0,0.0,0.0,0.0,0.12009400597797529,0.005970371704922451,2.7880431509215577e-05,0.009838187278441275,0.2126576823989812,0.00026821197679724744,0.5888768321220857,4.199554715966682,29.971485179676108,3.209105539909749e-05,0.0011521126213615636,1.1134103731563836,0.04463168910779505,871.3669340107971
33215622,0.0,0.0,0.0,0.0,0.0,0.0,0.0,0.0,0.20808587478505744,0.0009390580320009632,4.9112260668804514e-05,0.007181980612141778,0.001174937931315065,0.00013634648848997406,0.8963831387331592,4.875537743303848,30.244854148543375,5.922510370930725e-05,0.0021019180897575646,0.7447771078215918,0.020873748016275687,800.714586704516
6f9d25ef,0.0,0.0,0.0,0.0,0.0,0.0,0.0,0.0,0.08261769545511824,0.004575574171364905,1.300046619370584e-05,0.00752788010326913,0.9695480119591657,8.705539143955492e-05,0.5812299312577306,4.1499101701971215,29.90134536961155,9.678606627745147e-05,0.0007251064814377095,0.5285724027374399,0.042345164685006986,959.3561820442047
fe3f51d1,0.0,0.0,0.0,0.0,0.0,0.0,0.0,0.0,0.13019793699077245,0.0057271235641484005,2.579747232657973e-05,0.01435574563474767,0.18892297297736263,0.0003058650862051031,0.7050619196419792,4.3548815144327495,30.029352591185553,3.3385972231432636e-05,0.0020966904331209575,0.792814165408,0.023285869780514768,905.4963087200385
26c07f49,0.0,0.0,0.0,0.0,0.0,0.0,0.0,0.0,0.02923609412953136,0.0008818473082957181,2.9043575933679877e-05,0.004123137433999278,0.11271727103758242,0.0002007420043472327,0.8667929562570389,4.011111231282101,29.60425497081828,1.30293420379379e-05,0.00024774622982192963,0.7458121916445681,0.04668853755512818,802.2990051425077
a7f70b85,0.0,0.0,0.0,0.0,0.0,0.0,0.0,0.0,0.11342381937785044,0.007820696047906863,2.7239451199398883e-05,0.011452276380596973,0.1553844322477218,0.0002476027689328063,0.7968541680408314,4.05816006872677,29.426282290061145,5.880199029476315e-05,0.00021258167068877464,1.8172132624091086,0.07482548152517558,845.7734806495178
ae192355,0.0,0.0,0.0,0.0,0.0,0.0,0.0,0.0,0.10723020063836197,0.001221373431142812,4.585958781426581e-05,0.008111328123354659,0.17031858217286786,0.000959423146144778,0.6102552717162189,4.694942078385748,30.197164262864202,0.00011207374804047849,0.001288569459849513,1.9387717608362043,0.02463559491897318,875.5663159139407
3c0da194,0.0,0.0,0.0,0.0,0.0,0.0,0.0,0.0,0.02265776893926918,0.005151915327467963,0.0001038271895242638,0.012540148000785813,0.36886740703807,0.0001514849738650714,0.7542273888243072,4.4004061343530125,29.650878954457667,4.84175325442913e-05,0.003514279904187267,1.9364251544981823,0.03819184949593871,1006.9723623519238
aedff0c8,0.0,0.0,0.0,0.0,0.0,0.0,0.0,0.0,0.20547897746686855,0.0010681957131016713,1.2712249994903793e-05,0.006541994349823921,0.027327703097591086,0.00042628642475303993,0.6540622089177953,4.302376897448767,30.22594293063677,6.393448947745395e-05,0.001015532105745228,0.5143108929851291,0.07895069005618954,957.9649419485585
71be5256,0.0,0.0,0.0,0.0,0.0,0.0,0.0,0.0,0.04820852618835913,0.002446568348070579,5.7515341292833346e-06,0.005587147085376633,0.506369492929059,0.0006029179044688396,0.6501132093327039,4.618034937368455,30.117647599668263,3.3191823391060935e-05,0.0008595379287352371,0.8843241609369386,0.01663382414969782,805.1328731728842
119500f6,0.0,0.0,0.0,0.0,0.0,0.0,0.0,0.0,0.06827139215235427,0.0013967452241334638,1.762692773821783e-05,0.02043634348348283,0.16718454692953574,0.00016368674915544926,0.8760569609859632,4.797289382564756,29.53318038806281,6.126986894916794e-05,0.0018488304064289952,0.890518562973646,0.030659435931407932,842.807109014213
d7499c89,0.0,0.0,0.0,0.0,0.0,0.0,0.0,0.0,0.14135465771311512,0.001968079175617807,8.59857484759086e-06,0.024865992218350536,0.4827448580688169,0.0001465825818371761,0.03531220422226866,4.366869989241604,29.69047082425002,1.1728078651890593e-05,0.0009807866936499333,1.5614470157568967,0.013676096206107572,846.2452161960879
91b3f264,0.0,0.0,0.0,0.0,0.0,0.0,0.0,0.0,0.1746150062094179,0.003562363866890431,3.103458877386438e-05,0.01669485171588888,0.026288995682669392,0.00036890513423197346,0.609119513115207,4.479708535220729,29.784988274292978,1.6629001981970116e-05,0.0002959659485479266,0.8441422293737313,0.03187456028887815,952.3357536082738
3f5b4058,0.0,0.0,0.0,0.0,0.0,0.0,0.0,0.0,0.08565597833232373,0.002331499383956222,2.3859964113989493e-05,0.01705391931673467,0.2550424429004528,0.00021577984281920015,0.6905239702286611,3.99198602586019,30.214251490703788,5.0836720331221004e-06,0.0013172495296278127,1.107245457225672,0.012180104250177305,824.9830522089603
1473b922,0.0,0.0,0.0,0.0,0.0,0.0,0.0,0.0,0.11405671652808597,0.009948728782274308,2.434393414075318e-05,0.001783089578634714,0.05763646059975425,0.0003613899419538282,0.4401703359489592,4.543953702415438,29.86005134517303,1.4436279643172165e-05,0.0025067227970197834,0.959071948272007,0.04114920454484762,913.1690225117675
909347fd,0.0,0.0,0.0,0.0,0.0,0.0,0.0,0.0,0.07670310925631917,0.00334687562284651,2.953886768918457e-05,0.0035159470156601444,0.6762496931986056,0.0008465313394265605,0.8582791757145476,4.616322975790016,30.597646033855582,2.69375429124894e-05,0.0005088140745085938,0.792042786504347,0.03617582823225369,849.6725633070866
659f93cd,0.0,0.0,0.0,0.0,0.0,0.0,0.0,0.0,0.25184144376880724,0.001286413464783237,5.753287808394963e-05,0.010222675757177417,0.014595523767850511,0.00017270946080615216,0.9583371663569358,4.737769456412404,29.72440219244241,2.45603036741588e-05,0.0024692896776799794,1.0263665400424304,0.02239354239825612,899.8289650451528
ba5f701c,0.0,0.0,0.0,0.0,0.0,0.0,0.0,0.0,0.0770383974471168,0.004951217762233436,4.253674768022077e-05,0.0062450384530435,0.23436865247017885,0.0002709672935318176,0.8479343380166722,5.150182535143509,30.199315165379815,1.0861042274879242e-05,0.001645429466058808,1.0456505233032902,0.03000338284303342,868.7752701390349
310083e1,0.0,0.0,0.0,0.0,0.0,0.0,0.0,0.0,0.07035105100618577,0.0024802859856282626,2.419131849871876e-05,0.016838092538441703,0.02079631464242234,0.00015500664748705967,0.9805343362385431,4.490104420527921,29.82660179175043,2.7434488237857582e-05,0.0015885784163675804,1.0467360746659906,0.016703435303975517,888.9481976500069
3f8853e1,0.0,0.0,0.0,0.0,0.0,0.0,0.0,0.0,0.06698904431453004,0.0014190061285020554,3.0056896959497407e-05,0.009140178621817052,0.5890931018558777,0.00014839687688772326,0.67790381866242,4.041334539133308,29.762867128337486,3.84710965518632e-05,0.0007420850702859506,1.9821252594021777,0.012120087359491815,967.2279858984971
d7451517,0.0,0.0,0.0,0.0,0.0,0.0,0.0,0.0,0.2146316049295761,0.0015605449694175337,2.4375802868259515e-05,0.023794572027393993,0.13294012822416706,0.00014614041025662452,0.9188768452574588,4.528082253094826,30.042973673599406,5.010451206625232e-05,0.0010372275889074863,1.9262261357854884,0.03236297981010254,873.8135798811355
54bc62e4,0.0,0.0,0.0,0.0,0.0,0.0,0.0,0.0,0.08005124749566336,0.0011629227590233256,1.6799593291624098e-05,0.005273656713993935,0.4996581129599808,0.0002196130283721287,0.3196738294089243,4.893711535727814,29.951976200213224,2.1266344451387134e-05,0.0010984064443668275,0.7333930899006454,0.012008896847884521,822.173276781332
79d348c0,0.0,0.0,0.0,0.0,0.0,0.0,0.0,0.0,0.4050689896151143,0.0016965839201460524,1.5899150468911197e-05,0.013269785325569342,0.4300058869413045,0.0006627577485203605,0.8633754361273304,4.6955735884045495,29.790835651347795,4.536860713843774e-05,0.0005330950672299698,1.1812386952260565,0.04172145145172377,892.3954298089161
eb73fbd4,0.0,0.0,0.0,0.0,0.0,0.0,0.0,0.0,0.09447644737095244,0.00446928928423883,3.620062019161951e-05,0.041660234469826266,0.5447802639781474,7.602774885460487e-05,0.493961980248853,5.10460288657118,30.143008454169614,2.115517212291469e-05,0.00017024838220362158,1.8485427436402426,0.0328218720334279,812.2246359425891
574b6b89,0.0,0.0,0.0,0.0,0.0,0.0,0.0,0.0,0.07354903003271678,0.001809530241872982,7.082365600123717e-05,0.015007287045565509,0.7764967704369952,0.00010616615071951586,0.9191678941583152,4.748784472253324,30.148935996059734,2.4402507402745618e-05,0.000995268438151645,0.6197166180848845,0.053208638940349835,870.3887360269584
fba5a3df,0.0,0.0,0.0,0.0,0.0,0.0,0.0,0.0,0.021965963041469493,0.0022216722200321163,1.6894745919001623e-05,0.027796114053198324,0.15685192547465104,0.000438027434175075,0.8937883239451638,4.6928307047504045,29.74633291156337,2.1104215298841624e-05,0.00020680760508745203,1.2325268486091452,0.02382127645776148,800.3413064590578
870ebed4,0.0,0.0,0.0,0.0,0.0,0.0,0.0,0.0,0.16802486524974705,0.003924848846541153,1.062873859862298e-05,0.009286506436527358,0.04033338303318402,0.0003145591863025399,0.46284506938280223,4.495826305385066,29.729887221983343,2.8184516264300153e-05,0.0013707830229475913,1.0162015163345122,0.012399508597363757,903.639775012823
5f87a429,0.0,0.0,0.0,0.0,0.0,0.0,0.0,0.0,0.0491689554672058,0.002401718353507191,2.5547737393030027e-05,0.008389256498439737,0.14125009758407003,0.0003361866730687712,0.8146060909494752,4.526851106582228,30.3992623181326,1.307433093381483e-05,0.00014651426511047506,0.5028589197878359,0.02480480226405432,840.3617072202366
0cbafc8e,0.0,0.0,0.0,0.0,0.0,0.0,0.0,0.0,0.09271333626706438,0.0025214774354099636,6.860722414832753e-06,0.005207581843602331,0.01986508789000337,0.0001440351598188925,0.8576130920818676,4.903471004267854,30.058412738074395,1.5227513268025065e-05,0.0009338770155264371,0.6272290377754217,0.022042584760180495,857.0666529516674
413b5d8c,0.0,0.0,0.0,0.0,0.0,0.0,0.0,0.0,0.11393458191817284,0.002726391885503362,5.264728414534639e-06,0.01565290098982026,0.05903411999816327,0.000384076002898496,0.7249207898128555,4.38310830485587,29.503982748778903,1.393155383699834e-05,0.0001502301287302054,1.5002185855224393,0.027802674903143552,804.5792081814079
ee62a77f,0.0,0.0,0.0,0.0,0.0,0.0,0.0,0.0,0.03967961998349599,0.0004677243538324082,6.2209429985396315e-06,0.007876538183303373,0.04989415245956112,0.0005667810289901293,0.9822832599092788,4.3259776976004005,30.02968960970389,3.270181001219364e-05,0.003550237673575737,0.7872293480167901,0.012059751517708836,834.5323210325406
5e478a78,0.0,0.0,0.0,0.0,0.0,0.0,0.0,0.0,0.09401825144428932,0.0013716266120906474,1.0340947203539386e-05,0.008495421245169622,0.020186109501891033,0.0004662861620290127,0.1130259331738167,4.628368397033185,29.961636345494597,2.9768782248630926e-05,0.002387155605006771,0.5827406445127581,0.012990952803646543,841.4298050634835
51b871df,0.0,0.0,0.0,0.0,0.0,0.0,0.0,0.0,0.04921092467634383,0.003959298397262309,1.9466228717244288e-05,0.020189881469269932,0.07183416767839781,0.0003128035971378,0.7431035441152527,4.489992340716958,29.675452823194373,2.753082265300969e-05,0.0002998369770779315,1.4396681774585545,0.025742969177660228,911.9138408046551
3a5bce9d,0.0,0.0,0.0,0.0,0.0,0.0,0.0,0.0,0.027770210542318607,0.004266220270496523,2.4288408811568326e-05,0.004029015923500692,0.0039628857098152025,0.00013521162090418713,0.45506306498913457,4.720461165127022,29.743570534816833,2.0788498108685468e-05,0.0011156592488381569,0.8583215913380058,0.017075101221583244,829.4221555124722
43fb425d,0.0,0.0,0.0,0.0,0.0,0.0,0.0,0.0,0.04060841042627428,0.0030950279340216337,9.619870848972633e-06,0.01460477083148289,0.05753969954477081,0.0002107151432287606,0.734485134416556,4.078246567088774,29.741558758883773,1.6738764867588947e-05,0.0019540520952250257,1.086212386247574,0.022332569918585187,825.1810250686414
ca81bcc2,0.0,0.0,0.0,0.0,0.0,0.0,0.0,0.0,0.09771984700422026,0.00149019640169606,1.1428727962007158e-05,0.018191009280691336,0.042484208752321145,0.000123221223557435,0.47956143988517763,5.058642958424357,29.464208145503918,2.3796120704379547e-05,0.0002477718596355303,1.4447435422703578,0.01424363134647356,834.8013615448848
c74487e0,0.0,0.0,0.0,0.0,0.0,0.0,0.0,0.0,0.15080925636740777,0.001722140961350292,2.504123681465198e-05,0.012795737769674364,0.07214897893580546,0.0005100160362668671,0.0754796506384744,4.420784579982251,29.78653480435305,0.00011240087901313765,0.002535982943399274,1.1017253461717023,0.01240748116869488,895.9862059307185
2ef7e21e,0.0,0.0,0.0,0.0,0.0,0.0,0.0,0.0,0.13731812902826968,0.0020915597332107298,7.613065290819295e-06,0.008955567752580626,0.27411734275309013,0.00033303655576715397,0.5842095099708968,4.302963703177265,30.426247612224614,1.884426422925308e-05,0.00048346125144767006,0.8074189871159794,0.012109121987625766,944.5087004542537
9e1e51f7,0.0,0.0,0.0,0.0,0.0,0.0,0.0,0.0,0.06187749362089167,0.0023699507144457716,7.858068312352702e-06,0.01295135875991551,0.5303535250300039,0.00043690733672426224,0.572238006593101,4.266532207672249,29.549330755665302,3.2044826300336294e-05,0.0005905188435266514,0.5028567632775269,0.03125727736115629,852.3127086302208
ffeff34c,0.0,0.0,0.0,0.0,0.0,0.0,0.0,0.0,0.07149627862676977,0.001928296200104767,6.372402578097671e-05,0.01279924933172071,0.1474342675365084,9.094484237699169e-05,0.3643917662778063,4.0232187331587825,30.236441915900226,4.003523553187243e-05,0.0022338684527951056,0.892967391526813,0.02072847190544983,889.2505630113642
d89c840f,0.0,0.0,0.0,0.0,0.0,0.0,0.0,0.0,0.19071260375916682,0.003422479104799625,1.0474900346615127e-05,0.02864176561574415,0.0028114497416420947,0.00015337552506594548,0.4489331902073251,4.494129577815756,29.815755263087993,8.634600190074595e-06,0.0002026151441139276,0.7777633057988895,0.01369601600859417,901.53381280679
b878e6f6,0.0,0.0,0.0,0.0,0.0,0.0,0.0,0.0,0.023347698876197975,0.0007500764161911893,1.7253061680572927e-05,0.014200265900903015,0.15601036409548458,0.0004680484977450285,0.716313692404595,4.746095254805593,30.38281639779912,1.2172198449986034e-05,0.0009603125345131401,0.9831308993075374,0.013281574461966768,859.2528029729548
111241ff,0.0,0.0,0.0,0.0,0.0,0.0,0.0,0.0,0.05351349184172876,0.003829521308467126,2.615982027591369e-05,0.006448992337703063,0.2117384833672136,0.00016146429342135058,0.48940559835274444,5.0761807430096315,29.625840254189477,1.855833142542027e-05,0.0015167479148690177,0.9625801054835124,0.023659693015632102,842.0943675456793
2b60e885,0.0,0.0,0.0,0.0,0.0,0.0,0.0,0.0,0.03101995837221083,0.001212533558498586,3.7238048574106825e-05,0.027503724185104206,0.34195329064223107,0.0005388833882101465,0.3864928258704138,5.098368441149714,29.55228554587234,2.2260541365821197e-05,0.00027505531675340716,0.8986534532183467,0.04378908245310585,849.3059064108292
ec0c5249,0.0,0.0,0.0,0.0,0.0,0.0,0.0,0.0,0.11464663810114063,0.003292889997284732,2.4463586121566273e-05,0.010170313641722958,0.42483370507693796,0.00030206399450289056,0.47380035524268654,4.354317546882482,29.810914301968136,1.8008770553106617e-05,0.0017122786123384478,0.7213996239611976,0.02149626753810129,804.6374016046341
e35c1f8a,0.0,0.0,0.0,0.0,0.0,0.0,0.0,0.0,0.06960798785269193,0.0012598467174544732,1.4800491022624887e-05,0.005291186477387152,0.5129741927336241,0.00014395603460702654,0.9057106649321381,4.129377351965142,29.69131945248258,1.5670581116550758e-05,0.0006227038772578189,0.501347039382363,0.013744568610644227,854.2550186255664
de2bcd71,0.0,0.0,0.0,0.0,0.0,0.0,0.0,0.0,0.08854024617102069,0.004176567250271205,1.0603809568716364e-05,0.0099796240737234,0.07118806592171564,0.0005783336355292612,0.873996912878667,4.446495011568614,29.65438017336195,1.3091221984132426e-05,0.00015402968975705106,0.9276166601211042,0.013409450250859342,822.8937638824708
aa85c128,0.0,0.0,0.0,0.0,0.0,0.0,0.0,0.0,0.09718746752741736,0.003288964881814071,9.599038778080572e-06,0.010846000867108803,0.2958889782484769,0.0001738314858878598,0.8214328112824795,4.778537941377566,29.558068757673528,3.379554217288311e-05,0.00028322109721331244,0.7462340394231475,0.01748116364733727,821.916896066813
4d2ef894,0.0,0.0,0.0,0.0,0.0,0.0,0.0,0.0,0.10470578245364122,0.00272181231505811,1.453232597549239e-05,0.008491681545376564,0.2059013561604939,0.000233366912547219,0.335185941549376,5.019188162450529,30.060084912294307,6.189544883473108e-05,0.0006426289881763925,0.5655699553657804,0.012506024833980642,852.5868779172719
88f378f3,0.0,0.0,0.0,0.0,0.0,0.0,0.0,0.0,0.14636244346640967,0.002629714840797849,1.2142719150030259e-05,0.013836977272835768,0.0021255464229390903,0.00014973773951397365,0.11294953485262405,4.9184944063340055,30.280621633065532,1.0724983400566544e-05,0.0005795106238827179,0.6823491755648725,0.05579904893669535,850.7332745912088
1d4a1ae7,0.0,0.0,0.0,0.0,0.0,0.0,0.0,0.0,0.0323548252695626,0.004192566634013682,1.602779446622628e-05,0.007434317595597481,0.40624344722856864,0.0007431731306821187,0.6667787633476084,5.077641608928782,29.689916072192524,4.201587310559374e-05,0.0005693059932775447,1.108035609723166,0.012023021964129769,804.9770899085784
77af685e,0.0,0.0,0.0,0.0,0.0,0.0,0.0,0.0,0.042972086932783905,0.0023467814756971423,4.173972809773681e-05,0.014504338756801119,0.0974495680371926,0.0003478026909115117,0.9492007249071909,4.7871755411258095,30.11979065837191,4.852832108486972e-05,0.0007535818923905133,0.8582796828368996,0.016519646744016094,862.3678430204137
667bccf0,0.0,0.0,0.0,0.0,0.0,0.0,0.0,0.0,0.06326269270637896,0.0035567476805298003,5.634672863471529e-05,0.03257690109180329,0.04994550587090643,0.00017333180869250975,0.8191405417450117,4.615938474557374,29.795006208990877,1.1920965200698422e-05,0.00043008401300462007,1.9872740997373235,0.020224248155467094,811.3051041909843
08982e97,0.0,0.0,0.0,0.0,0.0,0.0,0.0,0.0,0.09711631740054641,0.003592414328651065,1.2331577204282549e-05,0.018531915628031193,0.37166272817559504,0.0004121735094596356,0.7418255159666174,4.21574279652505,29.70140251612693,2.838190757691197e-05,0.0006451041339234138,0.8054251640376282,0.012134588140358777,817.7089637063845
80103a3d,0.0,0.0,0.0,0.0,0.0,0.0,0.0,0.0,0.03953997887488801,0.0027410185307144273,2.9242420178285688e-05,0.003534173644240565,0.02113167256712429,0.00048607104477285434,0.7384739180353725,4.629055819450836,29.81473238196183,3.203442473691737e-05,0.0009355213901676611,0.7244516407617339,0.01666279846827885,865.8639822433324
c1860532,0.0,0.0,0.0,0.0,0.0,0.0,0.0,0.0,0.05355003250645296,0.002060608245310354,6.3281355409650325e-06,0.02507205024211987,0.18592288036997492,0.00024844972286007565,0.5109837947366498,4.6547037132628795,29.428523813903777,2.889717167900869e-05,0.0004226626628010117,0.8579060604823244,0.027210955423754058,800.0055711756405
29d27c6f,0.0,0.0,0.0,0.0,0.0,0.0,0.0,0.0,0.07376391466994339,0.002224151011671744,7.3410290263046826e-06,0.02696853135617974,0.035919951453084596,0.00027702348121758086,0.869978542718788,4.733693934077825,30.390043655733542,1.5559653827575246e-05,0.0001657378030652962,1.1608558032812375,0.012369323659590824,815.502025166098
3fa4fd34,0.0,0.0,0.0,0.0,0.0,0.0,0.0,0.0,0.0646395079791928,0.0007544910403273071,3.482306085193814e-05,0.005147891556557728,0.2483583591933303,0.0008171150100855987,0.6302873998515793,4.551138410583534,30.18081101059264,1.3864828536296601e-05,0.00026441639443402733,1.070212193965508,0.04678308226726023,842.4425352576417
c8aa7186,0.0,0.0,0.0,0.0,0.0,0.0,0.0,0.0,0.02268343853692875,0.003148840182303916,1.3225819032878182e-05,0.015510138326038396,0.004561236018175022,0.0005002027748333786,0.8264395257664462,4.837524378376097,29.525174596139394,7.2710173686770875e-06,9.777316645127864e-05,0.6410674424750942,0.014864803265853347,811.0334335598293
1a45b9ea,0.0,0.0,0.0,0.0,0.0,0.0,0.0,0.0,0.010383010020623055,0.0017211131641401047,3.109229600759311e-05,0.01610462307157966,0.04534333196285151,0.0009702860088728442,0.4264897750133323,4.645266191080129,29.921768295303934,2.043243681904295e-05,0.0018814252154921694,1.3336770840951218,0.024497144565589893,802.9339452355939
bc18c91e,0.0,0.0,0.0,0.0,0.0,0.0,0.0,0.0,0.09905824260939179,0.004155192771250018,7.003101625796519e-06,0.012237138249900704,0.2861752080521789,0.00017236217818283054,0.8653458730923553,4.554063022276757,30.114056621221728,5.643190767277892e-06,0.0006781327346979727,1.0805108546047837,0.012001530228961265,852.3439184572071
50b8464a,0.0,0.0,0.0,0.0,0.0,0.0,0.0,0.0,0.010565520597438817,0.0009621201484974224,1.3883816280127392e-05,0.026488419161535954,0.36493777487885665,0.0003009079498842792,0.5859815851853603,4.846907548291913,29.578613035671214,1.4539375470215553e-05,0.00015355948902891765,0.6883461215240553,0.012322650646109844,826.6931277723008
9c0e84df,0.0,0.0,0.0,0.0,0.0,0.0,0.0,0.0,0.0365971523428106,0.0023301980252301104,8.925658063666171e-06,0.004732451657441399,0.36494027852984684,0.00023207472468347358,0.44384805019554796,4.543643966960752,29.92349245727566,2.565696864590345e-06,0.0014025488061198271,1.004910942897518,0.020937204712669556,828.0757668637485
7cf852d9,0.0,0.0,0.0,0.0,0.0,0.0,0.0,0.0,0.01659843629309999,0.0008095724423440639,1.4579386912857863e-05,0.017094342267591586,0.03261834409252084,0.00021641634891075961,0.9112905330204386,4.5870959658967125,29.7126705636254,2.3950099961350425e-05,0.0002145479260536629,0.9112679892690041,0.014301036023035845,827.0440782681546
8a6a5bc9,0.0,0.0,0.0,0.0,0.0,0.0,0.0,0.0,0.10494880716548192,0.0013847167582570815,2.4986606820131152e-05,0.011486552404035053,0.32887602182145254,0.00028523256499654896,0.7221631002190396,4.569700800284127,29.914586601938556,7.65470280047055e-05,0.0036016933374877296,1.1613872047622074,0.019356848895113656,840.1840500029598
9487a246,0.0,0.0,0.0,0.0,0.0,0.0,0.0,0.0,0.019643253921787816,0.003164681697026626,2.8249515296945552e-05,0.014028488464688689,0.08212833555142887,0.00019285539404377856,0.948453353974144,4.889065277467838,29.951898504998656,5.57153512253997e-05,2.1491747002746872e-05,0.8448148595510916,0.012695085151633128,872.4034581090793
5a30ffc6,0.0,0.0,0.0,0.0,0.0,0.0,0.0,0.0,0.02931950105966652,0.00123869428903353,1.0194800078268436e-05,0.007371569543366876,0.03618207241044357,0.0005127766998689182,0.7374780143300996,4.802738515091222,30.35012477713465,1.4545605043710304e-05,0.001518015163716921,1.382052727509054,0.015693178482397502,850.1827666046282
2699d496,0.0,0.0,0.0,0.0,0.0,0.0,0.0,0.0,0.03185262105293679,0.0003821109438576135,4.027922230071328e-06,0.05719651759189811,0.12129002485934759,0.0007759980932950827,0.41358276397442767,4.911246100572812,30.30652768274684,2.6509670490110803e-05,0.0023708903714466704,0.7175786528618748,0.012477128723947982,808.9595458177125
2b3200bb,0.0,0.0,0.0,0.0,0.0,0.0,0.0,0.0,0.081209797150285,0.0017842373569893748,4.6880471798217314e-05,0.026817170960848933,0.001011750129127075,0.00022739770032439895,0.8566420177640824,4.833144325458631,29.999375581381972,4.247901337026479e-05,0.0006024968778377307,0.7848367974458111,0.012003025155162307,873.1067061804079
3123d766,0.0,0.0,0.0,0.0,0.0,0.0,0.0,0.0,0.027338665496864884,0.0006335843634440227,3.821346793397578e-05,0.0168587874716295,0.055419988243783636,0.0003483391039584162,0.6696788326163154,4.508760246296502,29.46473287443375,9.281488744753058e-06,0.00020200469835348746,1.499362089823989,0.02435088498066164,800.1587360151361
c72c42a8,0.0,0.0,0.0,0.0,0.0,0.0,0.0,0.0,0.2369764653155636,0.009396709371445456,1.3687124388369738e-05,0.003998318763037547,0.0196346777581986,0.00019682297256674609,0.3450556045770242,4.887234726632147,30.11923631458229,2.8305325106891123e-05,0.00031175269982005086,0.9311908048474833,0.0346113908768099,933.8339205206481
7b653a1d,0.0,0.0,0.0,0.0,0.0,0.0,0.0,0.0,0.04807052545301558,0.0022844247327317778,6.158376208195751e-05,0.02805846136688253,0.16863478941929327,0.0001591146426525181,0.5399480330596016,4.563562375824363,30.072067782639948,1.986865955209254e-05,0.0007188440920388521,0.6861453066178514,0.024173479844472493,890.176602626949
627755dc,0.0,0.0,0.0,0.0,0.0,0.0,0.0,0.0,0.017742610557337737,0.002013209859042906,1.1284205960808037e-05,0.008188018047824524,0.1320766436352872,7.060508733594127e-05,0.9898931234080514,4.611930244941069,30.071818017182682,2.3017232999060675e-05,0.0005783887404192341,0.7040591869187063,0.014616011572490773,811.7134387570256
37f72a31,0.0,0.0,0.0,0.0,0.0,0.0,0.0,0.0,0.03516448014054644,0.0006951084079910906,1.650395489173408e-05,0.03468572774355432,0.06318141429983132,0.0003586356142569701,0.9065990368424951,4.615915747112499,30.106708091237213,2.1874782615286424e-05,0.00011442565541534108,1.3737956777769347,0.014404038900844726,800.3104221949034
c52480c2,0.0,0.0,0.0,0.0,0.0,0.0,0.0,0.0,0.0290102804185519,0.002915673841620204,4.928535661020721e-06,0.011233562045103541,0.4755235568647085,0.0004968798175619306,0.6989367680934742,4.623313545546564,30.132938652034152,2.192458256418209e-06,0.0015394871104368383,1.900981844914527,0.021071591434664826,839.7845064019838
f696f4e1,0.0,0.0,0.0,0.0,0.0,0.0,0.0,0.0,0.03321710653043376,0.006259848766006591,1.2179756916407539e-05,0.009422345270768472,0.3341607253499528,0.0005121978308440558,0.8638036372114682,4.38269651687059,30.12462411827493,7.040795958110795e-06,2.165658683761197e-05,0.5629152263075888,0.041484155392249956,827.0446331511496
e7dd1943,0.0,0.0,0.0,0.0,0.0,0.0,0.0,0.0,0.07488496246531938,0.003253080279354088,9.852740613323813e-06,0.006530997799198478,0.012487261052870503,0.0008010579649277178,0.8091459326257974,4.751138513856747,29.555123962349295,7.345152126948199e-05,3.0104696199465884e-05,1.091786739094843,0.012455435704089593,854.3556709518177
336250c5,0.0,0.0,0.0,0.0,0.0,0.0,0.0,0.0,0.01346560327449635,0.0018074175845225096,1.965202344649319e-05,0.01504444926444396,0.36968115369337495,0.0009893568695022172,0.9888252666627394,4.46017942178189,29.616777127768977,1.535029455167036e-05,9.726273658623675e-05,0.5477056432708682,0.012128116248240584,828.8313780874602
98f6f3e7,0.0,0.0,0.0,0.0,0.0,0.0,0.0,0.0,0.023616913441800214,0.0007651173917197117,2.2004899485622553e-05,0.004134462834277881,0.6102964322365313,0.0009027318071956438,0.2808024055135495,4.367558494292216,29.84339724176822,7.952046849047763e-06,2.3647777280277034e-05,0.9357774123571647,0.0408188451896443,830.0906051328171
eecb552c,0.0,0.0,0.0,0.0,0.0,0.0,0.0,0.0,0.0175513345383385,0.0022960945395513977,1.9896752242532676e-05,0.006054961345167676,0.22012731434130672,0.0009551208425249427,0.9846661181565838,5.052123287572701,30.022432166775555,3.5895307055742975e-05,0.00015491092306060144,0.842915732945204,0.06649657537454903,823.3042911128233
7c89bac9,0.0,0.0,0.0,0.0,0.0,0.0,0.0,0.0,0.09795244379367551,0.001657927604835682,3.1573113324831985e-05,0.003824653468220855,0.23129095084796028,0.0005698150843904647,0.7917023024728159,4.927938789602904,30.080154001060215,4.470296704766722e-06,9.16739294698052e-09,1.0283030092696341,0.029039672441585455,835.8638761828296
70b9bca1,0.0,0.0,0.0,0.0,0.0,0.0,0.0,0.0,0.036635068059942384,0.0033105341451339725,2.1090502569907246e-05,0.004248451321167486,0.15323833733509967,0.00024143794411469492,0.9511473239637659,4.746244773157551,29.66701977278239,1.937006121825999e-05,0.0005413572970933097,0.8907103443850931,0.0273428304772836,878.9874163860999
16065fc4,0.0,0.0,0.0,0.0,0.0,0.0,0.0,0.0,0.017695403197880898,0.0011378355811038053,3.5917248522618915e-05,0.030413248515765306,0.23212359508580782,0.0004662361321731904,0.6963513984846198,4.612572187371465,29.975955872269346,1.0339163789516015e-05,5.638707270693908e-05,0.5030875447923967,0.021455697911097377,840.875483794076
ec69c0f2,0.0,0.0,0.0,0.0,0.0,0.0,0.0,0.0,0.04462999653849324,0.0015752984400711437,9.037504312465196e-06,0.0035249329002975194,0.03404800864830088,0.0002702811551050252,0.8649840078485832,4.938909956584509,29.72106032809961,1.6028075637417966e-05,5.458518934684879e-06,0.9109222605501707,0.01735459375278493,820.456601164739
14a61b00,0.0,0.0,0.0,0.0,0.0,0.0,0.0,0.0,0.023791488136370133,0.0020092650551433123,2.1632721952498633e-05,0.006557256718065096,0.2645765872330789,0.00029057527107868684,0.8347417489306452,4.609142118299277,29.582158695697697,2.1418708200976897e-05,0.0006258945062629448,0.9622614316308895,0.058276661862798604,953.5794497684116
d8cfede0,0.0,0.0,0.0,0.0,0.0,0.0,0.0,0.0,0.028323123379180415,0.0005357551115937509,1.1220736480186597e-05,0.016358716113535864,0.26596069106813935,0.000556304622032435,0.7280713184548288,4.842989962191987,29.78125362034845,8.372519870661006e-06,3.856052555806007e-05,1.697388593995089,0.02426892618189671,855.3621879205289
d226503a,0.0,0.0,0.0,0.0,0.0,0.0,0.0,0.0,0.12926778587994378,0.0016848746420702813,2.215006833036611e-05,0.004861495752500639,0.190588069020733,0.00028129303625011105,0.9118837234001679,4.426356130914688,30.54147375938743,1.4825871733644828e-05,0.00033339859585241504,0.789417904645605,0.020206539669910747,1023.986588024448
191fad0b,0.0,0.0,0.0,0.0,0.0,0.0,0.0,0.0,0.030933736687797583,0.0006862069600300097,4.729345022222756e-06,0.013087852310016426,0.030804088234711032,0.0007311362745133621,0.7493492149361367,4.836766820920561,29.81999443140103,2.7303270439884936e-05,0.00024354181834899423,1.126712672138716,0.02618081558865125,824.6410689568057
33972b92,0.0,0.0,0.0,0.0,0.0,0.0,0.0,0.0,0.016284208256225174,0.003848410620388753,1.2311666156427944e-05,0.004717018247525113,0.16208989839936544,0.00044777964327093965,0.9484176169407106,4.313908582614015,30.01570648688304,3.65470280639e-06,5.090851508312367e-05,1.4050752093693346,0.014521525505566287,824.8939449108244
cf67f465,0.0,0.0,0.0,0.0,0.0,0.0,0.0,0.0,0.045045109084109844,0.001502769448698026,7.350953558195962e-06,0.004399375018777129,0.11250252244630313,0.0005914470813127978,0.7220212191294801,4.873983487735845,30.16391228873251,6.3459183829298495e-06,0.0025990076064829363,0.8932250918394014,0.012219818431241756,825.2324954259193
00777d33,0.0,0.0,0.0,0.0,0.0,0.0,0.0,0.0,0.025608326177427716,0.002820367243245573,1.3006920300770443e-05,0.011151934765620965,0.223899868295719,0.00014407764474195768,0.9828109595022541,4.912944529257596,29.84714401167047,6.706133593955791e-06,0.0018268716747367555,1.8318823604290053,0.022915180566296472,820.8798810054358
673e3fec,0.0,0.0,0.0,0.0,0.0,0.0,0.0,0.0,0.03693715819412651,0.0011614715852858698,1.9710913343901472e-05,0.014708926057028001,0.04447832313170791,0.0004088417234183883,0.8531507943611659,4.372532555937784,29.912321271381106,1.54019555701821e-05,5.581560580176642e-05,1.2096426696168958,0.029308703645001745,806.3266161306985
c2b20e41,0.0,0.0,0.0,0.0,0.0,0.0,0.0,0.0,0.04710370003568937,0.004927764715652185,1.5200160357211044e-05,0.011905775491130685,0.22963989983560484,0.0005409991512276596,0.9755438498070794,4.570413515140796,29.668128018896976,3.715990139977999e-05,0.00034231877584544554,1.1783376576909235,0.012013508011824707,809.8474695149425
459b26d2,0.0,0.0,0.0,0.0,0.0,0.0,0.0,0.0,0.010105354754674117,0.0018929344752430556,1.2003219007844918e-05,0.00793098844690461,0.17690871058047417,0.0005514322136527552,0.7775739859141512,4.948633815539533,30.03015284855387,1.1520329227993939e-05,1.3298140605163369e-05,1.2164346574543028,0.0153983759514339,865.550449513684
9fb2a302,0.0,0.0,0.0,0.0,0.0,0.0,0.0,0.0,0.05457455375274885,0.002778794692726735,9.063376579950304e-06,0.0625450584119279,0.16874737705178045,0.0006176250655846386,0.8721045097732262,4.382220709538703,30.07833969644825,1.6082302991406646e-05,0.0003654839401502603,0.7736871300496558,0.05183673037166208,816.8820350544638
1901d99f,0.0,0.0,0.0,0.0,0.0,0.0,0.0,0.0,0.03158776307070711,0.0030607891504349136,1.1575993584704294e-05,0.014181187692685143,0.06641082795223169,0.0006788371981673154,0.8630352359472563,4.042301484045447,29.76756821385512,8.017629599979204e-06,0.0002803337485655624,1.2541169434812833,0.02383616242282732,848.0784921758283
0ba1d1b5,0.0,0.0,0.0,0.0,0.0,0.0,0.0,0.0,0.029772957701197,0.0011640625135375382,2.9187822056260293e-05,0.013789144490203561,0.03827424794835348,0.0003368842423175315,0.8399735365990488,4.730607766069673,30.02461257015422,1.5009581752478016e-05,1.6236419380784283e-05,1.181349020279851,0.020474926892659596,804.6373442576402
b8bc8c06,0.0,0.0,0.0,0.0,0.0,0.0,0.0,0.0,0.03172157009985203,0.0010454466182376735,1.1234422274996557e-05,0.005844616268603403,0.004940819865027137,0.00010010764474660225,0.932920305904369,4.6472131906842895,30.079228067179628,4.383486815481017e-06,0.001568849748369187,1.1287352457582904,0.018786963965339597,807.0921721181319
cfcc1f10,0.0,0.0,0.0,0.0,0.0,0.0,0.0,0.0,0.010120014873450964,0.004193079784260981,7.325506693350962e-06,0.014770620185777836,0.7808541455124725,0.0003086292763791052,0.6459401410602504,4.131154498000411,30.4257986061184,1.2063978980492695e-05,2.1220673747590648e-06,1.7139006962699643,0.02314216932200353,800.0731971995532
39b0f059,0.0,0.0,0.0,0.0,0.0,0.0,0.0,0.0,0.05794474158433785,0.001164522977465504,5.771516320781916e-06,0.014518803913019658,0.025232317137502916,0.0006457034073128795,0.8875272244236386,4.834438261022934,30.195644113616456,2.69374829183781e-05,0.00027798236348938976,0.6857209548144269,0.042011328982085656,805.8616816529388
ab160952,0.0,0.0,0.0,0.0,0.0,0.0,0.0,0.0,0.08963449566309596,0.002743288918120094,5.926533963340372e-06,0.008838347396431467,0.3908312453139069,0.0002787907809018501,0.44138730110158264,4.423450146148206,29.744228951832167,6.365404146373104e-06,0.0008711263180938126,0.9269675116751777,0.0819572361495067,866.6361702167602
07dc4bb8,0.0,0.0,0.0,0.0,0.0,0.0,0.0,0.0,0.03736473022216482,0.0008385742744572292,1.2235709468096092e-05,0.032344493724163655,0.024268949107144208,0.0005132237411133852,0.8904675632538607,4.76473624392376,29.675745411250084,3.326967222857585e-05,0.0003176872022403295,0.986498605225349,0.018996839077334442,822.662635948191
4d0b46b6,0.0,0.0,0.0,0.0,0.0,0.0,0.0,0.0,0.03291266122337155,0.002019862658643384,8.712833367239168e-06,0.018247605094689895,0.42790578317519756,0.0007651291331840339,0.9600812863965359,4.490698799210537,29.817126963120977,2.330485998664629e-05,0.0005355761989879747,0.8627759060407816,0.01661447163223381,833.2841134771161
06319a6d,0.0,0.0,0.0,0.0,0.0,0.0,0.0,0.0,0.02162402490107339,0.0009490362217540204,9.701429906570469e-06,0.022175660522416894,0.12248029164476747,0.0006862053294633637,0.75586127964822,4.708895316498996,29.908311783354463,1.0512799072187364e-05,0.0007834947503333468,1.47185548186732,0.030360585824657848,819.0307858841929
00a7c14f,0.0,0.0,0.0,0.0,0.0,0.0,0.0,0.0,0.027426703556741813,0.003019221278434699,2.2285556357651126e-05,0.02524124348671776,0.18299997036229873,0.00016998656103426753,0.9758162967178082,4.600137652632399,29.766272155684188,1.2867032173811886e-05,0.0006395143476530907,1.5107064675600475,0.018135637777380587,802.4011348688568
899ccbaa,0.0,0.0,0.0,0.0,0.0,0.0,0.0,0.0,0.0443430709205361,0.005032876195545555,1.3326311150552342e-05,0.038819351140348214,0.06372932338680673,8.16616823517283e-05,0.7438893900076857,4.7231927887923195,29.734698818305755,5.780558841023218e-06,0.001924762692345706,1.770900199558508,0.02360172076660402,817.3811769016321
3e69acf7,0.0,0.0,0.0,0.0,0.0,0.0,0.0,0.0,0.01932825350122174,0.003308214763142496,1.7918681789602453e-05,0.007624482289939285,0.3728068200142736,0.0004741743266033688,0.5341748448732015,4.940414765020835,30.027088593368124,5.4375809519613895e-06,0.00028751108590419284,1.0968047658841613,0.012189068405612118,803.3938101368801
a9079367,0.0,0.0,0.0,0.0,0.0,0.0,0.0,0.0,0.022710767850837626,0.0010955244041351306,6.540229122311352e-06,0.013779253827857173,0.006861523637789098,0.0004447474166274063,0.670553171050512,4.6745860641285075,30.212280825009152,9.848301010255942e-06,7.652042624417844e-05,1.415464846161977,0.01555778208088771,809.3018047726888
5afc9e34,0.0,0.0,0.0,0.0,0.0,0.0,0.0,0.0,0.03357452816296362,0.0035485866594565803,8.039847984711582e-06,0.04022066706632513,0.006405925739346412,0.00022963874002077532,0.9898277582446395,4.840335728754776,29.569128743018904,9.071942532658045e-06,0.00019586422916649228,1.284764902969696,0.03008306791367361,808.3432342850103
ca88816a,0.0,0.0,0.0,0.0,0.0,0.0,0.0,0.0,0.04610244265463493,0.0012133721017562127,1.4714736926718066e-05,0.005358294890779994,0.56578632972616,0.0006068821929747209,0.5524859147646465,4.317923111901162,30.2302415466889,8.718725147970412e-06,0.0005982758064406911,1.6411185942630555,0.012715186337226656,815.4349114819877
d5478f96,0.0,0.0,0.0,0.0,0.0,0.0,0.0,0.0,0.02102875709750565,0.0012922565737072884,7.659230697007864e-06,0.004633023686294011,0.03924018990490197,0.0003395617460166157,0.9856872329522952,4.731256572040509,30.086120167224873,2.4828978277362565e-06,0.000134011702892289,1.2181330696652095,0.0137131293911258,815.1892730604361
a39764c8,0.0,0.0,0.0,0.0,0.0,0.0,0.0,0.0,0.08804339855722385,0.003169143408648393,1.2332638921434173e-05,0.005309492533589285,0.19115255596581623,0.00041133252784050154,0.9302347975064031,4.488818751211715,30.076810619159225,1.2473480044281772e-05,0.0011596109107083717,1.1832505652073064,0.012286087036588943,800.015683277313
a81218b0,0.0,0.0,0.0,0.0,0.0,0.0,0.0,0.0,0.014276643507180983,0.0011573331099286727,7.153243998463476e-06,0.01637185957687626,0.16929404541672244,0.00025506985930185815,0.9116814880463603,4.843838157383129,30.38105017450448,8.6830990971859e-06,0.0024897873227641386,1.124291167850051,0.019821893039376825,800.4191201971815
4c3632dc,0.0,0.0,0.0,0.0,0.0,0.0,0.0,0.0,0.04248377395664083,0.0008322214098757105,1.3773411244860863e-05,0.00995957771671958,0.3972697229009457,0.00053671683212216,0.8201257113881879,4.34565288824921,29.95843379229384,1.0637218079951956e-05,0.0001421740046411768,1.0017930682516318,0.013488415586192834,815.3936223730007
ffdbc882,0.0,0.0,0.0,0.0,0.0,0.0,0.0,0.0,0.06755869273094119,0.0011320487328067069,4.826241617847425e-06,0.005832292797822257,0.11085077457742487,0.0002194784869700806,0.831571511852796,4.345807744224166,29.883429683479424,5.789489990114661e-06,0.0012908358005736813,0.9471933416293729,0.01241925559206683,828.1412585138901
7ececd83,0.0,0.0,0.0,0.0,0.0,0.0,0.0,0.0,0.018049191636013016,0.0021028609401843013,1.2015238723057856e-05,0.005391818463345378,0.10377105113370287,0.0005757311379601563,0.9895263376994986,4.7478247635477615,30.54323261380275,1.1026101112704847e-05,0.0003312338297711998,0.6895084528242337,0.019181636583206835,808.2654645885381
e5150b3f,0.0,0.0,0.0,0.0,0.0,0.0,0.0,0.0,0.04027726165593937,0.0013950594476773478,2.2337380845820415e-05,0.0070645496469708136,0.0010282869465437928,0.0013232232390007368,0.860933094330614,4.817060513337531,30.065347126667245,5.4191657541171995e-06,0.00021113181649658257,0.7490367252747495,0.012019515206363093,801.2404768852917
ac87b4fa,0.0,0.0,0.0,0.0,0.0,0.0,0.0,0.0,0.06172929055925161,0.002189160446184809,1.5762704527772164e-05,0.003916973686590505,0.0073134825145805575,0.0015234875632473717,0.9883601166221916,5.090664855066051,30.301998412127297,1.0204523594324001e-05,0.00014129988600464598,1.573866772781991,0.017378975180473412,848.3271940481752
55e186f5,0.0,0.0,0.0,0.0,0.0,0.0,0.0,0.0,0.01845738937591871,0.0014904650192989624,8.930956352235105e-06,0.00972913163162138,0.0730873356182447,0.0007424535760819072,0.9714173506974402,4.733904609940676,30.06441620307876,7.257257356942421e-06,0.0005165249374929266,0.6067247897982861,0.012010074311149716,916.7621102945067
8946f98b,0.0,0.0,0.0,0.0,0.0,0.0,0.0,0.0,0.012368920165888406,0.0015291756516272596,7.741904285520799e-06,0.011700874359476423,0.0010756791932118647,0.00022672231585871822,0.9685005228660503,4.831596294727068,30.01322282374342,5.489666496122948e-06,0.0006690408700122595,1.4071100607773295,0.025718524776081574,800.000000278071
1703fd5c,0.0,0.0,0.0,0.0,0.0,0.0,0.0,0.0,0.04881367049322427,0.002940190396775363,7.8356702030207e-06,0.00927660532893117,0.10721262064346482,0.0009010453973767405,0.7903242492531913,4.248276503000214,29.829251700282057,7.896976267481172e-06,0.0005070488695325542,1.6016440010195452,0.012000378107464174,801.8343617899008
38f30ae0,0.0,0.0,0.0,0.0,0.0,0.0,0.0,0.0,0.06690965745968927,0.0014793549678687428,6.776092817133403e-06,0.011602434911341766,0.2758190292546795,0.000462628404287686,0.985001256432754,4.73956581187151,30.250042327820957,1.8582104405354634e-05,0.0004053677605461631,0.960530254760791,0.038890244455561065,800.0040775490044
b0953732,0.0,0.0,0.0,0.0,0.0,0.0,0.0,0.0,0.01976934963863093,0.002902105776944905,1.3973847315418985e-05,0.008215935582174514,0.3087429325364296,0.00025658695876842695,0.545219344721366,4.855962337274988,29.738485588517662,1.3028984015746381e-05,0.00029094635055471675,1.5825296759156349,0.03557526337736889,827.4942527025383
b9f9d1e3,0.0,0.0,0.0,0.0,0.0,0.0,0.0,0.0,0.037054934955645,0.005458680670230711,1.3611117232619944e-05,0.01086649110704159,0.48375122770584167,0.00023780278796722723,0.671230255782152,4.834544367298826,30.019881943925668,2.0704025090579368e-05,0.00012001514952408789,1.6662631504119871,0.032109721272926516,802.2873396790619
a634bd87,0.0,0.0,0.0,0.0,0.0,0.0,0.0,0.0,0.040518621812930686,0.003124730715018381,3.513026994513988e-05,0.011983708792954151,0.004597882211645537,0.00025106749882718323,0.9823495962867825,5.0355081124322965,29.74589884327292,3.5967242541633002e-06,0.0006735524613176781,1.4527746685824419,0.025642328178500356,801.283165173279
d07008eb,0.0,0.0,0.0,0.0,0.0,0.0,0.0,0.0,0.04654223434168492,0.0026785747718627933,7.618521361308143e-06,0.010923680324233848,0.1017355589394188,0.0004385492490855946,0.764869634352595,5.013170591634381,29.896253988769626,1.5527993721639579e-06,0.000622981064197916,0.6271440013777903,0.03623998682087618,801.8988860356233
c38375d0,0.0,0.0,0.0,0.0,0.0,0.0,0.0,0.0,0.011510992653051524,0.0019249762244776501,7.906234531745231e-06,0.05140452269003953,0.022839268645281796,0.00040751750195340395,0.611856756099847,4.563432211376935,30.110689421761585,6.6429331255878385e-06,0.00012400112953201808,1.0819320668539245,0.023168414219537376,802.7395302380453
ad43802f,0.0,0.0,0.0,0.0,0.0,0.0,0.0,0.0,0.025753106445419185,0.0022558582869244823,9.770323857852922e-06,0.025275219861971662,0.26228682625125754,0.0001360119565736966,0.657614801579284,4.3736775982637495,30.274882514814152,5.800660574220754e-06,0.0006885845794357646,1.301277523730898,0.01778850183855114,800.8010254321355
7a09e6ac,0.0,0.0,0.0,0.0,0.0,0.0,0.0,0.0,0.03711082143197589,0.0021094626059145415,1.2712582338452528e-05,0.03235656564273287,0.4140245720545955,0.0002323084439116101,0.5933105918176607,4.9779999033205184,30.06006120061961,3.2195536127496554e-06,0.00038901025883918074,1.928374345093382,0.012076092062300833,810.4213454859182
97ebc974,0.0,0.0,0.0,0.0,0.0,0.0,0.0,0.0,0.021280705637643196,0.000908512257167484,1.431996546750443e-05,0.021758654810156396,0.16018838069500083,0.00031767858930130356,0.8124691777211404,4.911481696182137,29.94740288996895,1.7776948331177354e-05,1.0456004815102392e-05,1.904840860993979,0.013666300835973822,815.7614096255833
2c2a7d45,0.0,0.0,0.0,0.0,0.0,0.0,0.0,0.0,0.03998822328437495,0.004576117754592843,2.922173724998489e-05,0.015439197530625058,0.01962290998816023,0.0002209620897340833,0.9712764591515712,5.008995805426295,29.744501840194573,3.8710715309203605e-06,0.000882228824944224,1.8771627330936818,0.013313473585859026,824.8415391829164
b98d529e,0.0,0.0,0.0,0.0,0.0,0.0,0.0,0.0,0.07079508872658329,0.00454155479508049,1.558136175409792e-05,0.01041936704881737,0.011984610654075026,0.0002913978132429215,0.9878868183193734,5.140854784154041,29.78372710472694,1.7884929156089952e-05,0.0010866484941120154,1.29108624314053,0.013060614898067736,829.288835207972
d00aba88,0.0,0.0,0.0,0.0,0.0,0.0,0.0,0.0,0.03824377615828804,0.0028044222812467295,1.7118608627117374e-05,0.014388332206882072,0.200370077161573,0.00018948949602640134,0.9601998303562971,4.412439334512752,30.239053314893493,7.4872992447547806e-06,3.8079123009796873e-05,1.9351473824107217,0.026237185110187782,801.7311681274302
d6524f3c,0.0,0.0,0.0,0.0,0.0,0.0,0.0,0.0,0.020460408325629308,0.003041992117556935,1.0646764974568231e-05,0.030205862774366026,0.004912784881323555,0.00040705107568639884,0.8404248437046702,4.8734981831125745,29.41838034989479,2.4081695780793505e-06,0.0006031379858008369,1.9506269591027778,0.013563296909663415,808.7146775899591
311cb9fd,0.0,0.0,0.0,0.0,0.0,0.0,0.0,0.0,0.02242229093401886,0.006101167022674609,1.618611593686879e-05,0.016926559067523668,0.0035716126899041577,0.0002688656300539831,0.4810899168624966,4.592321766081222,30.02979028154514,6.85273917799196e-06,0.001052632636453516,1.4367535432957523,0.016021718484386726,811.9102026309105
3d60c1ea,0.0,0.0,0.0,0.0,0.0,0.0,0.0,0.0,0.06426991112334685,0.002269704008239132,1.29500440855282e-05,0.014208882811379995,0.18263606499031876,8.574473178090243e-05,0.7159360521435324,4.788723283683316,30.29230646861872,8.491427006132853e-06,0.001056142588257963,0.9316188458922151,0.03161471064360133,800.823206601057
d0ef14cc,0.0,0.0,0.0,0.0,0.0,0.0,0.0,0.0,0.039952806436817936,0.0023135537697683882,1.0271645870804793e-05,0.006096581004257701,0.2026775398976039,0.00016262631229555863,0.6438540491030375,4.839626355209748,30.37974313336615,6.000510055985079e-06,0.0013751224674410174,1.667665222043879,0.020200964528486406,810.6621458788026
1e8d99cd,0.0,0.0,0.0,0.0,0.0,0.0,0.0,0.0,0.04148064688685684,0.0007772197089483439,2.5062814435017655e-05,0.014790643833268662,0.14035649292944985,0.0003403877083670318,0.9095946248657204,4.538493930374349,29.989008534794873,4.000254603864826e-06,2.6644727650895766e-05,1.4825346806921513,0.03828361823834456,800.5882796534269
531eb1dd,0.0,0.0,0.0,0.0,0.0,0.0,0.0,0.0,0.08416819611771782,0.0022922721886308563,1.405171324974827e-05,0.016438859304796022,0.024761419930347226,0.00012936158061570757,0.640027530492744,4.984042435299421,30.156507024976232,1.013132852933242e-05,0.000740754267758901,1.850240561516403,0.06952709921481724,801.7427514830563
28b685ec,0.0,0.0,0.0,0.0,0.0,0.0,0.0,0.0,0.07819802935427356,0.0030992345095265097,1.8287014954127525e-05,0.0061016688062393385,0.17787097831160908,0.00020942450191360805,0.7184911650247298,4.9618655535509255,30.004804526133206,2.008663508223397e-05,4.1828143640111626e-05,1.6994655024742933,0.028178123144802288,801.2099035163827
dd134b28,0.0,0.0,0.0,0.0,0.0,0.0,0.0,0.0,0.04040862549378107,0.005677160540750763,2.303822053351727e-05,0.014173272133770457,0.3549819781873867,0.00021159253471486793,0.9218242157126432,4.754114493813994,29.451724659026613,1.36811064756053e-05,0.001009293678112032,1.999765968601599,0.03378329854493255,804.5290528064418
8426daa0,0.0,0.0,0.0,0.0,0.0,0.0,0.0,0.0,0.057200101457756634,0.0028589026985342074,1.869647167114012e-05,0.00547752717664392,0.2699398769460806,0.0003959746276074708,0.9184461161845485,5.280720902369779,29.80050192161263,4.475216129389563e-06,0.000723462352941336,1.912680137668487,0.03798449459241728,808.5791877729305
c88a80db,0.0,0.0,0.0,0.0,0.0,0.0,0.0,0.0,0.048696602065283943,0.004443126989952283,4.924653243159963e-06,0.007861122604203605,0.6453615845920555,0.0004180804343615461,0.7945185782819064,4.743373528988037,30.113174402740775,1.4971582779459466e-05,4.22686084708527e-05,1.2861959981785729,0.09967317774197394,806.3606370866098
9658b09b,0.0,0.0,0.0,0.0,0.0,0.0,0.0,0.0,0.0272821771892362,0.0018137122336702128,2.4434190810367954e-05,0.017136383081413294,0.15342000314740942,0.00043696555709966896,0.9896929118417302,4.105492008585262,30.078435895348683,1.840491413599373e-05,0.00014025037209528104,1.5545955640212767,0.038880384207779436,808.8908759010477
1fd77f9d,0.0,0.0,0.0,0.0,0.0,0.0,0.0,0.0,0.05303086783189819,0.0035904687110003375,6.745757502063534e-06,0.008118715954771885,0.4682367706971369,0.00019046819951690043,0.9883478949667478,4.8141042626683666,30.1291806229959,3.1624729340792985e-06,0.0012573632945598408,1.2287525206764451,0.012191756381917123,813.657858630361
a7e2cb4c,0.0,0.0,0.0,0.0,0.0,0.0,0.0,0.0,0.05112748886893758,0.0008994613711023195,1.5027926354739033e-05,0.005590192002966701,0.03554882868506054,0.0002652923478775911,0.9588682649792641,5.035164857798553,29.65937044086893,1.2841351630102878e-05,0.00023656596001105277,1.209458541556613,0.04545519473968057,800.0528636929653
7e125e00,0.0,0.0,0.0,0.0,0.0,0.0,0.0,0.0,0.0763395784894131,0.0019592735479145255,1.948966548317669e-05,0.005768223580136785,0.0017488025045158282,0.0007460213645333261,0.7573706946368982,4.767103418393513,29.89146018843956,1.7645444723566554e-05,0.001290925593158344,0.6998610329433373,0.03614067057923071,801.9978760173354
a1ccb191,0.0,0.0,0.0,0.0,0.0,0.0,0.0,0.0,0.017943868780084225,0.0042741881731653344,2.279737022891908e-05,0.013408796845344595,0.5497517799662204,0.0004134720970041456,0.9728078008491435,4.7418162811559315,30.24795186718382,1.5851193810007622e-05,7.096508837086683e-05,1.4767167436724125,0.03172030565460454,811.3221379577842
9c77f808,0.0,0.0,0.0,0.0,0.0,0.0,0.0,0.0,0.02212831305184214,0.0021290589051499607,8.288681640726533e-06,0.00919804052580215,0.26904666484430684,0.00031204556437056655,0.9383205693358284,5.345064706268678,29.838286319899467,1.3240539412005428e-05,0.00014225487747141467,1.681943827954885,0.024743177106083605,800.0937399197799
e5f808bb,0.0,0.0,0.0,0.0,0.0,0.0,0.0,0.0,0.042556674948292676,0.0018071683179226364,1.2052264946433139e-05,0.0054076739528317215,0.15478891698790803,0.00028319420425224507,0.7599229035685671,5.271588133864222,29.660569580505175,1.802496011578964e-05,0.00025731508427384955,1.0947479901614332,0.06351580418254553,824.6524123700926
d703dc87,0.0,0.0,0.0,0.0,0.0,0.0,0.0,0.0,0.022251873387744543,0.0010152341075821414,9.603543396985321e-06,0.011336468630801427,0.3085983563905491,0.0001486084709104528,0.7950686930281652,4.733831828617041,30.02630004518994,1.3397973340483747e-05,6.566885771131079e-06,0.7959804635652147,0.01622896935568398,802.9690896784898
4f0868c1,0.0,0.0,0.0,0.0,0.0,0.0,0.0,0.0,0.046076084551437135,0.0036798897399937425,1.3728203702185114e-05,0.014412975936811715,0.332258471934197,0.0006509909048962812,0.7149157942518679,4.982434835929946,30.308703927558913,1.555090703916537e-05,0.00047672749857953397,0.8050837375570964,0.01891165319218015,803.7391197962085
87d90e47,0.0,0.0,0.0,0.0,0.0,0.0,0.0,0.0,0.04049979335182651,0.004795281966116421,1.5819361433919346e-05,0.01399486316298809,0.6239721888753337,0.0003220063807396758,0.4874391559297882,4.686532529539841,30.22056233061235,1.1758388455762213e-05,0.0005682313142461443,0.8511403492404876,0.02240976007946679,819.0909999696127
a16699c4,0.0,0.0,0.0,0.0,0.0,0.0,0.0,0.0,0.06966958618628487,0.0018041242645307582,2.3342518038111968e-05,0.037999322158248264,0.031910422294426095,0.00012488286988423326,0.8661804314892277,4.532981271074128,30.05339262044773,4.022476180259862e-06,0.00012048411518255048,1.992501555579615,0.04600749923263041,803.4114204806016
a9537b8b,0.0,0.0,0.0,0.0,0.0,0.0,0.0,0.0,0.04632267638107132,0.003846651910387796,8.112728868888973e-06,0.006297746569251607,0.6038349866368681,0.0001894476643003831,0.4546577181081668,4.460114915538136,30.42722013706439,1.3887726034347903e-05,0.0005695957060052384,1.4226952361805068,0.049317805050123266,814.5565765705148
2b823d65,0.0,0.0,0.0,0.0,0.0,0.0,0.0,0.0,0.04269677388251408,0.0020129520830061967,3.8981836002931756e-05,0.02225504483312208,0.2135636759726226,6.9803372262148e-05,0.7086456558339467,4.3968303763284196,29.934580548132974,7.921682554597126e-06,0.00018690513834545907,1.613167188541316,0.09063910141380055,804.3227575445351
13237e95,0.0,0.0,0.0,0.0,0.0,0.0,0.0,0.0,0.019048227755010857,0.001841920079715221,4.667946663427515e-05,0.028659845649579,0.2468779388124036,0.00016632497485629034,0.6502911646478776,4.604959671022042,30.02153844925252,6.698018665208106e-06,8.987232567339168e-05,1.8683027930512417,0.04751849207475348,800.2529683351888
f89740f3,0.0,0.0,0.0,0.0,0.0,0.0,0.0,0.0,0.06531056287897781,0.001479821026170927,1.1401043557299496e-05,0.013286895463808446,0.6163691961357418,0.0004294171427193849,0.985835790375056,4.662915746840251,29.777808515745992,1.384496418970862e-05,0.0009664626750450241,1.811618608653093,0.03730947393275826,804.2456798771273
eff33e69,0.0,0.0,0.0,0.0,0.0,0.0,0.0,0.0,0.03971250543936328,0.0017814133197941485,1.8973271970144843e-05,0.013465470553707396,0.3729162588501571,0.00029842597079688673,0.8030974626909143,4.6863188087657255,29.829611223165603,1.6676277938455824e-05,0.0007598085873246745,1.9658653920443931,0.04855932791752059,800.0646259208492
f4ce3385,0.0,0.0,0.0,0.0,0.0,0.0,0.0,0.0,0.0901814463417864,0.0010724522563285294,2.047277170318541e-05,0.009186060161119398,0.020822646994594855,0.0003307888686390193,0.9825167424080502,4.63770565512975,30.034508154143094,1.7273493327185955e-05,0.00015248959701392718,1.9954507950726454,0.026649912766364435,806.9693211308355
5b191435,0.0,0.0,0.0,0.0,0.0,0.0,0.0,0.0,0.04391555864557547,0.0009277136626691155,2.312987242330208e-05,0.004224471743706663,0.11755067005063816,0.0004378984023699787,0.9259854367497494,4.791731779569499,30.050500262434916,6.918018624346679e-06,2.3044954416791653e-05,1.994454480805295,0.05097212681301305,804.9670421703107
0875e538,0.0,0.0,0.0,0.0,0.0,0.0,0.0,0.0,0.03153842574865767,0.0012040846690195655,3.292355205005278e-05,0.012019120817591647,0.0653635159218223,0.00032303480205666575,0.723675874369684,4.619579464408938,30.106767676269996,4.052952725997887e-06,0.0021432538628466673,1.0726564788272177,0.032475429540148405,802.0489486170259
f028d189,0.0,0.0,0.0,0.0,0.0,0.0,0.0,0.0,0.05389806176625695,0.0021129905517279206,1.985807209928917e-05,0.03333529768642428,0.012266478142507878,9.6887838659557e-05,0.9899277015181619,4.921269569604502,30.22690686799824,4.825420945137821e-06,0.0016751317308361486,1.5607094024713746,0.05779120410223744,803.5884124511645
7bcd7ab6,0.0,0.0,0.0,0.0,0.0,0.0,0.0,0.0,0.03998605605126294,0.0031834328951403233,4.285936732766235e-05,0.005905294530077078,0.42630011998492734,0.00017446130142073984,0.33494871270472504,4.483251585571518,30.189951694969917,4.170461710347652e-06,0.00021075167029519689,1.1153278503664943,0.040846765435718475,800.8272898147093
5749ecff,0.0,0.0,0.0,0.0,0.0,0.0,0.0,0.0,0.051060859295201905,0.0035764846761861036,1.533983735144978e-05,0.013512918588618054,0.023577086089105116,0.00039763658226771195,0.665344777207975,5.058951655379842,30.170952731583885,9.030767536792527e-06,0.0007534539760910868,1.8455915182995017,0.022172303648618105,807.3956473707291
26db7dbc,0.0,0.0,0.0,0.0,0.0,0.0,0.0,0.0,0.041429754151429445,0.0008588071485894059,9.7784239699058e-06,0.01937919281984034,0.009546785117619416,0.00041419720920720716,0.9648805779781169,4.66238847032996,29.853861965676433,7.90022743819891e-06,2.9384730050742976e-06,1.3379366716568002,0.03547832030141738,804.5348195823696
91524faa,0.0,0.0,0.0,0.0,0.0,0.0,0.0,0.0,0.03020392719549491,0.001228824057868566,2.852617556274517e-05,0.004792890448247243,0.24772289420363902,0.0004789811289295435,0.9470206021908667,4.464571234130156,30.021778869882837,2.3792449128081644e-05,0.00016919272033676157,1.4910140074627478,0.023493513758705363,800.027908099458
7aebaada,0.0,0.0,0.0,0.0,0.0,0.0,0.0,0.0,0.08362120896058695,0.00203834598428014,3.8272376925174146e-05,0.017718076543194374,0.20428876087337344,7.779574135029471e-05,0.9626809357019219,5.399748657491254,29.23610577220462,6.840524256834826e-06,0.00039779644031505087,1.881760510866861,0.0985951292764982,872.1974938685552
8af9474e,0.0,0.0,0.0,0.0,0.0,0.0,0.0,0.0,0.08128829450784586,0.0028255624143456474,1.694785834126813e-05,0.02170573161985775,0.0721197352543011,0.00020554701662428524,0.9535795516646997,4.686706329689914,29.692312935035012,8.959936689858422e-06,0.00016594021333360022,1.5950156126623742,0.0770818294188446,803.316880105526
18012f5d,0.0,0.0,0.0,0.0,0.0,0.0,0.0,0.0,0.04948547463545966,0.0036305835620360606,1.5110069848190187e-05,0.04345102445398429,0.46216324128970615,0.00028448333446747,0.8050553256260683,4.247279163507755,30.116096614611617,1.0286115550158713e-05,0.0005230888042191839,1.9047418432000145,0.05001270938593965,805.914038933688
2bbfd1b4,0.0,0.0,0.0,0.0,0.0,0.0,0.0,0.0,0.037750448834270076,0.002984688123625445,2.301477402473361e-05,0.03616326309775399,0.7361067122813865,0.00028138581630324553,0.7948389496110697,4.67281786808221,30.16805298681249,1.2028549971189957e-05,1.3200647937048259e-05,1.9981668790508096,0.07878861513330665,803.3527507489885
cb448008,0.0,0.0,0.0,0.0,0.0,0.0,0.0,0.0,0.07196939469315247,0.0007214684107320824,5.38156959014094e-05,0.005623728649511037,0.08769550801358064,0.00014338560603146673,0.44265917019370604,4.842374634773878,29.767493816838535,9.561961335333077e-06,0.0014523870041054092,1.6867541768667842,0.02767741903554045,808.2506267041202
655aed83,0.0,0.0,0.0,0.0,0.0,0.0,0.0,0.0,0.03900850097057664,0.0013075209654327697,5.4086399596382476e-05,0.03619430737272063,0.29206279821011005,0.00010616436286262802,0.9167815696427848,4.753975019732956,30.163248135907956,8.356578716914804e-06,0.0007615252083161471,1.2221184437656105,0.028140200665535766,802.5082976479919
34d03740,0.0,0.0,0.0,0.0,0.0,0.0,0.0,0.0,0.12272769027262387,0.009423117912137928,2.0865036831666925e-05,0.007714022978548243,0.03013832596430535,0.00011527508604853158,0.9388975790964853,4.422969220503281,30.045445898612464,6.59287604489532e-06,0.00033081463540638237,1.6897244512048548,0.033789472913563816,828.6189004352588
cf05db7e,0.0,0.0,0.0,0.0,0.0,0.0,0.0,0.0,0.06347061411329276,0.006283516364111025,1.0746671000168425e-05,0.01301666332565571,0.47865706872570246,0.00011743547466136793,0.8122041949609488,4.573128047443884,30.14413716274317,1.3354290628351928e-05,0.00016729136893270765,1.9712742118199789,0.0940950384299723,825.3494591243494
e74cd689,0.0,0.0,0.0,0.0,0.0,0.0,0.0,0.0,0.13485165913059552,0.001954473738250463,8.306900895347222e-06,0.04409961161881204,0.005678806174263771,0.00011083917227811375,0.8097114452066142,4.7939906278901665,30.105541376279678,4.8854494906491716e-06,0.0013440718523348597,1.9395926205907834,0.06667099288670068,800.3608977855844
05887e45,0.0,0.0,0.0,0.0,0.0,0.0,0.0,0.0,0.09923923250526465,0.002804638762092306,4.654391949842434e-05,0.008354273960387201,0.14326949092989835,6.297536287392234e-05,0.1886004635244628,4.406390296406507,29.988007471003147,1.0046652994334711e-05,6.75458681304481e-05,1.7262606333487873,0.02267029104076537,814.9524973635731
510ec076,0.0,0.0,0.0,0.0,0.0,0.0,0.0,0.0,0.16158046591971476,0.0021312688303459374,3.837491696250879e-05,0.016204726082122433,0.3885504563296143,0.00028024483194943856,0.8425948724612663,4.78427407463734,30.346599036368502,7.040057373258379e-06,0.00011539769704074963,1.7694857979892908,0.031201678587857527,801.1981360655669
204bdd3d,0.0,0.0,0.0,0.0,0.0,0.0,0.0,0.0,0.04673320665602344,0.001921763364934127,5.095112918720038e-05,0.011541135771709916,0.0012702083531427088,0.000262903103631023,0.7394127500980514,4.80847040727633,30.043356562142915,8.227855465396593e-06,0.00013150304625967124,1.421599481051294,0.0771326934322605,808.0339906579027
e838bcb9,0.0,0.0,0.0,0.0,0.0,0.0,0.0,0.0,0.14240225706729076,0.0014266773986212188,2.5871204698220122e-05,0.02032364295984446,0.48155235035187827,0.00011933151359623924,0.7006974791621536,4.743333719057005,30.110675739429986,1.0512358984771156e-05,2.236222809410515e-06,1.9248913210383396,0.09672499314692291,800.0430098350942
1e1ad463,0.0,0.0,0.0,0.0,0.0,0.0,0.0,0.0,0.04048236203321501,0.0035183225603903504,4.523681087185998e-06,0.033040339459175,0.2060033295320498,0.00024866425976431027,0.7813162583298474,4.243151620332922,29.76708089968391,1.5730724114252748e-05,4.9908388611409346e-05,1.8779244851991965,0.043418800437213356,800.6310202330216
dfb80d84,0.0,0.0,0.0,0.0,0.0,0.0,0.0,0.0,0.04547848553774397,0.0012664478092966733,9.203481360025024e-06,0.008479176555613945,0.4477037826281548,0.00013891063836812375,0.9812814284453054,3.8298503337277907,30.31173611677861,1.0782701293946474e-05,0.0002632632484114606,1.8418208818895199,0.041822190721813084,800.3052721631925
621e1847,0.0,0.0,0.0,0.0,0.0,0.0,0.0,0.0,0.06255536455656534,0.005996989463379396,2.048035057321216e-05,0.01702347119034871,0.6900770902444588,0.0002618972082192747,0.73969997469692,4.55605120523935,30.203928900560843,9.706568120890814e-06,5.657117048264006e-05,1.4213309201289774,0.09091823463482698,800.0000152930573
5e1d0ffd,0.0,0.0,0.0,0.0,0.0,0.0,0.0,0.0,0.0402736188454798,0.0011943092244324474,1.8182367980401927e-05,0.010075938979715406,0.016579583892810553,0.0002528222627209076,0.8498565255124938,4.7918800582974,30.114894619859566,1.9360562856538695e-05,0.00011294458732333831,1.934919839482745,0.03800281253811629,800.787929084273
6db72579,0.0,0.0,0.0,0.0,0.0,0.0,0.0,0.0,0.08714903622741901,0.0018265087237744344,1.1083829956376649e-05,0.007869830030053614,0.2189009880854781,0.00045688928039226446,0.7449286240775191,4.143959655412568,30.10125999260819,5.191682402823016e-06,3.702605420421123e-05,1.7451559563744712,0.05861894878661737,808.5170978368016
5c50ac22,0.0,0.0,0.0,0.0,0.0,0.0,0.0,0.0,0.06882778361686029,0.002170954820464142,1.086635066585601e-05,0.015817274533909454,0.20927264357985198,0.0003191005365405181,0.6733369990095718,4.577011227296549,30.20882392987057,2.5928317190910415e-05,0.0012593662687304062,1.9966902771895183,0.08701588433899661,800.514396520654
b8a21509,0.0,0.0,0.0,0.0,0.0,0.0,0.0,0.0,0.03999612647961321,0.00623385224565861,2.9683859590849113e-05,0.01605920510318527,0.4122619556525724,0.00022034678068034294,0.9648430245863377,4.5160510444685285,30.252701416720175,1.5991899722346945e-05,0.0027143354643770798,1.7993473166623934,0.07715280576463769,820.729018874561
c8db55bc,0.0,0.0,0.0,0.0,0.0,0.0,0.0,0.0,0.05486101697063671,0.00266736259176355,4.117589224751649e-05,0.015676476831174315,0.47407803580608787,0.0002279552012477281,0.40196531555203246,4.635524174237652,30.41249613981027,2.178687687811326e-05,6.876310489863607e-05,1.4117300812953228,0.0660144833857656,800.1714499373475
c57195c5,0.0,0.0,0.0,0.0,0.0,0.0,0.0,0.0,0.046256583619936065,0.0015311964772216887,4.1031727307798454e-05,0.05150469278250321,0.32500311261286263,8.861411418005428e-05,0.5215577334884536,4.795047384295308,29.77102497832428,4.934028426770145e-06,0.0005603643255925767,1.94835226069359,0.07433638402250028,814.08552690624
57464ff2,0.0,0.0,0.0,0.0,0.0,0.0,0.0,0.0,0.09201361192624317,0.004094133737259566,2.7354406535712174e-05,0.022850654092012354,0.024052694472213698,0.00024715388987021035,0.6903576170185146,4.298552706163241,29.923983665237596,1.1594208459584197e-05,0.002229856598464899,1.4688215136584855,0.09885007270117684,813.4578323978188
623b6235,0.0,0.0,0.0,0.0,0.0,0.0,0.0,0.0,0.02560962805186974,0.005939200407414637,1.1036909822633673e-05,0.029337499464238664,0.08428050545764693,0.00017366492187055382,0.45962918994273366,4.7665911947667965,30.215541252086812,1.3348186632298447e-05,1.8787070221410386e-06,1.4652006184481952,0.06929504629126812,800.9278818016835
124a0f04,0.0,0.0,0.0,0.0,0.0,0.0,0.0,0.0,0.0382919214617484,0.002009596805903965,2.8118495675040043e-05,0.02744037688658773,0.3674873248558345,0.00034175956718479833,0.9715913693246427,5.00709378877401,30.320602020650004,1.3862543774340127e-05,0.00021340294162124114,1.1119194815577949,0.07733250694992815,806.8360382724389
3a191651,0.0,0.0,0.0,0.0,0.0,0.0,0.0,0.0,0.06562785205831241,0.004485891996926814,4.2766240860294705e-05,0.018850486437461116,0.30386892475187455,0.0002025009419297584,0.01806315042993859,4.832071094784808,29.877689168071456,3.7048289207097937e-06,0.00020051134824209099,1.9866497997665793,0.04499381414047347,804.4343290156797
b5e52c99,0.0,0.0,0.0,0.0,0.0,0.0,0.0,0.0,0.12072871439923925,0.0016053124361412937,2.782103731671494e-05,0.026217185227430186,0.28983866640543,9.989733586946048e-05,0.8505407251115663,4.484347384409141,29.913656841619616,4.874905489691396e-06,0.00020427829565754078,1.441044769761533,0.042684985660733483,807.300310241871
881a1d6b,0.0,0.0,0.0,0.0,0.0,0.0,0.0,0.0,0.04053189650801128,0.0013730287084542138,4.548111587240304e-05,0.04195033480180088,0.4544303656663138,6.923955770070793e-05,0.9888098875712242,4.722837154806185,30.168674009497224,5.391066741840448e-06,7.739261677226142e-05,1.5173446877792323,0.09848958702332337,800.0010315244974
40dde20f,0.0,0.0,0.0,0.0,0.0,0.0,0.0,0.0,0.0438415456581275,0.0018191594321104315,3.795002903859688e-05,0.020158059994507586,0.5776097884897726,0.0001768268750182764,0.30613796449298036,4.702675874509425,29.94866880345138,1.6099783779651905e-05,0.00034445414361272144,1.971383964745323,0.046221415103945514,835.8508997624515
29c60438,0.0,0.0,0.0,0.0,0.0,0.0,0.0,0.0,0.03316959868861652,0.0010146204732564737,1.7210644047250992e-05,0.016895851371466052,0.16437474730225318,0.0001878662239939436,0.585034804277103,4.632699591937425,29.811174660461916,3.57067050481906e-05,0.0009421035763976014,1.5416909278802466,0.04205047368048035,840.0394666685427
c530d8b9,0.0,0.0,0.0,0.0,0.0,0.0,0.0,0.0,0.1689173697395108,0.004394366679573077,9.505074963166572e-06,0.012611282903876215,0.6291527907155462,0.00018679658882022988,0.9285012388492871,4.562685778282549,30.03090196432231,7.505642040417807e-06,0.0010375114156946459,1.3325437301935859,0.099623711440675,803.9277071127782
d9b07d1f,0.0,0.0,0.0,0.0,0.0,0.0,0.0,0.0,0.030312084618713757,0.00385223271557851,1.9770868841713235e-05,0.016250235205736138,0.7281121601430888,0.00021677974870462985,0.48073325056404415,4.332167070830621,29.74489401119848,5.063684024083161e-06,0.002669742087311881,1.3781908661704685,0.07489073471588523,816.2660991281601
3bf80ea1,0.0,0.0,0.0,0.0,0.0,0.0,0.0,0.0,0.025623937469515093,0.003211725068921366,2.3330449283419914e-05,0.0542566585673873,0.4526969760958545,0.00030721313029649557,0.8425675788039687,4.702378842909973,29.70807894901514,3.448941780045967e-06,0.00013090899907191632,1.874950711649181,0.050896328225165204,802.6185600901852
e27c8369,0.0,0.0,0.0,0.0,0.0,0.0,0.0,0.0,0.042345940958100355,0.0018535821484742948,3.254146394865185e-05,0.011268943902570053,0.49244411761413065,0.0003160189252864807,0.5818839087285133,4.575769097690156,30.008188603116157,1.9464685274449716e-05,0.0005509533607800269,0.8768226282665502,0.05393673134652488,816.5900312316353
28f6ad1d,0.0,0.0,0.0,0.0,0.0,0.0,0.0,0.0,0.0702825240411021,0.006181461652196234,3.305317395800818e-05,0.013292456507967567,0.9137328228667801,0.0005059703673891951,0.4256237054888595,4.8372528715415015,30.05323312767325,2.4504175787558217e-05,0.002615296035527968,1.6247863074027376,0.03740027725926855,821.0113243074211
a7ff6475,0.0,0.0,0.0,0.0,0.0,0.0,0.0,0.0,0.052326784836273586,0.0035845144678137734,2.7889633671357574e-05,0.041962593498414864,0.04371347658362889,0.0005372325373113379,0.4136263535953209,4.606500279577853,30.648744558786014,4.87836407157531e-05,0.001545563860991465,1.9938182626798355,0.09270155735315624,813.6013920800091
f811aa04,0.0,0.0,0.0,0.0,0.0,0.0,0.0,0.0,0.03223508193243898,0.005508738947812769,9.82753911460745e-06,0.0182126779374046,0.1960773528059567,0.0007380803864997607,0.3941081237496962,5.135585315444051,30.172953496471298,2.4697565971989067e-05,0.003123928775935666,1.7378993588908287,0.0980928045656877,823.0548356132539
be99a204,0.0,0.0,0.0,0.0,0.0,0.0,0.0,0.0,0.030502954915163506,0.004211327326955107,1.7641767963534043e-05,0.029330140132762902,0.3299753535079285,0.0008405456611084569,0.30013756274617154,4.018685187452729,30.317300913199677,2.644004703161848e-05,0.0003690688914595732,1.5519081055358503,0.05544409011602094,804.320179987112
4c172ce8,0.0,0.0,0.0,0.0,0.0,0.0,0.0,0.0,0.052790808649714645,0.0025708900236839955,2.8559979424966584e-05,0.02383796503019354,0.17405074839050938,0.00017986806179495746,0.0193601135546689,4.7550278563814175,29.8464558487683,1.5042289161412723e-05,0.002442012441096031,1.3943522775563615,0.06630447416007712,801.1383093284566
1292a0a9,0.0,0.0,0.0,0.0,0.0,0.0,0.0,0.0,0.17853195081530057,0.005146161647987824,1.9528320517384667e-05,0.004791688039618365,0.2972162561245325,0.00032652265669533205,0.29351654332112026,4.73440588444874,30.100233585056696,1.7479573761430036e-05,0.0009040255703463907,1.4414710033821025,0.08026363927907544,824.0956590869044
a01a1a15,0.0,0.0,0.0,0.0,0.0,0.0,0.0,0.0,0.09352968671807155,0.00239882685284744,6.424200387833382e-05,0.024124208944294467,0.08494027142439703,0.00011561521594540344,0.9670254072784763,4.601464257267596,29.687505558716886,3.0867305840047565e-06,0.002187213342119889,1.8081493165997387,0.09057777573994837,801.0517140515207
89e0ab5c,0.0,0.0,0.0,0.0,0.0,0.0,0.0,0.0,0.058077734200756605,0.0036523081096273115,2.901387054021053e-05,0.009513838163255559,0.4413667757159367,0.00010157626808759605,0.7498735130345531,4.75542077628782,30.264010156990484,1.2554175124490471e-05,0.0005667314066821898,1.5838226055378046,0.09694906881527175,844.089899022662
3a903604,0.0,0.0,0.0,0.0,0.0,0.0,0.0,0.0,0.07443164717846917,0.0009295343244201866,3.278963951081478e-05,0.03222109212892661,0.11622024491721245,0.0006196201758579178,0.6279949845246916,3.9769466996703526,30.514010814118905,1.1434484882444818e-05,0.000866922837150178,1.9952545251296268,0.0542496911980944,800.6514885536703
61b2d227,0.0,0.0,0.0,0.0,0.0,0.0,0.0,0.0,0.03087266026648144,0.005425156946101046,1.6510866018506255e-05,0.0329755869640245,0.030962689429975432,0.0004779731599716905,0.6671145233592679,4.84983457217793,29.80166908213411,2.6674203375706124e-05,0.001391296488781206,1.5627461396802544,0.09887650335339161,814.5417025524547
2da126e9,0.0,0.0,0.0,0.0,0.0,0.0,0.0,0.0,0.014177882120004105,0.0017402839242017837,7.565786876424726e-06,0.017716352350115077,0.032523044849548766,0.0005023245841608346,0.9158525650870974,4.591908914581957,30.2286834941678,8.880641428384431e-06,0.000938913254438724,1.3695688354229256,0.0682500798323641,801.6270077656376
4dc3acbb,0.0,0.0,0.0,0.0,0.0,0.0,0.0,0.0,0.14528154622822112,0.0060454384463410815,2.0552385037575522e-05,0.004173672621238182,0.07616867066431687,0.0002230395985576948,0.2805505971272703,5.052094177466818,29.97742958596004,3.3967354671480893e-05,0.0015621706102483413,1.9932335456408241,0.040714802533387134,800.1638210294526
7533fc47,0.0,0.0,0.0,0.0,0.0,0.0,0.0,0.0,0.09111597263279084,0.001492877006831839,2.1878341861861468e-05,0.012550478365786277,0.2687578721964965,0.00012189794298958167,0.5803503194104267,4.35541478659824,30.871979863110127,3.890848573820276e-05,0.0035090506793376028,1.6760116798095006,0.07137068286217217,801.3900695581923
826b6559,0.0,0.0,0.0,0.0,0.0,0.0,0.0,0.0,0.07369359935384089,0.003957054264815739,3.000379861279338e-05,0.04183604722419634,0.7353492169162966,8.23753322547483e-05,0.5116242425829538,4.062944122787094,30.196799121173505,5.114177158535184e-06,0.0005356977666742019,1.2810183205822645,0.07367892901407053,850.2154819644467
17ea088c,0.0,0.0,0.0,0.0,0.0,0.0,0.0,0.0,0.068564702455256,0.005958561870946624,1.1923767448299808e-05,0.03550584008049563,0.33629052761276024,0.0001643171469178994,0.594935553209005,4.145968412795783,29.87611180286772,1.695008292309111e-05,0.0017064497754480006,1.5775576084244454,0.07081603128341277,813.978232443773
409782bd,0.0,0.0,0.0,0.0,0.0,0.0,0.0,0.0,0.01268809593164293,0.0027505514706052344,8.508549745135308e-06,0.01820802351606348,0.29339425790782964,0.0001951745988770925,0.6128873057995665,4.708696609574643,30.3295139597714,2.808480191071862e-06,0.0009742773656088799,1.3072269477989784,0.03304371228306981,801.0096081025687
7b1c761b,0.0,0.0,0.0,0.0,0.0,0.0,0.0,0.0,0.05520493549729783,0.002863384438871132,5.5141427599790956e-05,0.010096416442273761,0.0030427321397647894,0.0013898752656084626,0.1330622727135867,4.535266063190238,30.15015560136232,4.072492996850004e-05,2.185190427188569e-07,1.7489249136354534,0.057887688441123096,815.2910089036376
64bf26c3,0.0,0.0,0.0,0.0,0.0,0.0,0.0,0.0,0.12995572791750323,0.005875381724632375,1.22259606163009e-05,0.034473155738546805,0.29274984434027074,0.0007788363443646648,0.5594338993922704,4.531186415727788,30.341279253759495,1.5082544898410932e-05,0.0033549951046671564,1.8143534599710278,0.04737717549780166,840.4343293052262
90a67a2c,0.0,0.0,0.0,0.0,0.0,0.0,0.0,0.0,0.04259565688839176,0.006137511161835067,1.4700677334597303e-05,0.0147112722399752,0.36191485573779686,0.0005348853405645228,0.36219811469477897,5.388358706954189,30.197229804652466,1.3566322101233139e-05,0.004868545331510864,1.592878632821895,0.03994427898253007,800.084965130956
723854ed,0.0,0.0,0.0,0.0,0.0,0.0,0.0,0.0,0.04201435275206875,0.008644090929109184,2.3025109711982108e-05,0.01446365636449249,0.1286281448657695,0.00047795220135733816,0.37677903656133477,4.518775450952221,30.491173331951032,1.6655698130780367e-05,0.001255398679627329,1.9739177555663214,0.056730826881631884,808.0183368024985
fa1fdfea,0.0,0.0,0.0,0.0,0.0,0.0,0.0,0.0,0.03830221190455957,0.004849763091885248,3.369599454624443e-05,0.00705955161719288,0.22568943240887113,0.0005236477357474824,0.19218622403674354,4.617835864218166,30.277671234851233,4.0144927120394833e-05,0.002716279839723258,1.9970589867910753,0.04786958769538736,803.6042648226359
b25a6c4a,0.0,0.0,0.0,0.0,0.0,0.0,0.0,0.0,0.11390730848885787,0.005054495893098533,5.987669032227675e-05,0.039393613151684055,0.7560041354487232,0.0005462770753455558,0.5646810816892943,4.37385992269964,29.918079739039634,8.375242453520334e-06,0.0009633717759791408,1.9965312775412154,0.03816646594522394,807.3732527705446
62f40322,0.0,0.0,0.0,0.0,0.0,0.0,0.0,0.0,0.044032237229515006,0.0034294754434278122,4.6596343547945265e-05,0.020893111557947715,0.8446477199173541,0.0003838005062315622,0.2935094636890707,4.823756133337254,30.252906542889953,4.742338402397129e-05,0.0013360885168927955,1.918442804065846,0.08261570000533586,801.1914687829126
83ecb105,0.0,0.0,0.0,0.0,0.0,0.0,0.0,0.0,0.20139609974446948,0.0033727491692140863,2.151783842167987e-05,0.008518480375499456,0.6246717360548238,0.0017153005886592577,0.31138532631918986,4.55732992035844,30.40092995117147,1.7217441225350657e-05,0.00137615885042417,1.1707164328880968,0.05059919938502753,802.140237143804
b0ec57e5,0.0,0.0,0.0,0.0,0.0,0.0,0.0,0.0,0.06712397011886471,0.005983674658850384,9.431663726138942e-06,0.034219137265330275,0.7868919188035594,0.0008076090873591692,0.2891613994130542,4.794410755131688,30.354150410920727,2.6263179952317535e-05,0.0011266590070962978,1.7620038474238464,0.027745094294657595,800.0019349749199
92656711,0.0,0.0,0.0,0.0,0.0,0.0,0.0,0.0,0.13848598596265402,0.015025900282839079,7.244885201581136e-05,0.004406846181460307,0.36414880700699787,0.005268046585282619,0.08202521334208007,5.1116971465997745,30.566996479706123,5.705610278343825e-05,0.0019037102357850682,1.204899328017012,0.06379635540111743,805.1386231849915
14ebc52b,0.0,0.0,0.0,0.0,0.0,0.0,0.0,0.0,0.05165144299017318,0.00281921500784221,2.6958469803226834e-05,0.018917831920825422,0.23954860551465082,0.0003921770428911726,0.9087425317816327,4.827515230165901,30.50664078075052,7.98478928624466e-05,0.003806907974714359,1.7132646537688778,0.0691690370150719,803.1206962945113
ac7acf62,0.0,0.0,0.0,0.0,0.0,0.0,0.0,0.0,0.10429340473026195,0.006005062191308879,2.5313841491831812e-05,0.021412819618195824,0.5771490552869057,0.00017977400807485668,0.9277503938761472,4.657773610418835,30.079400135907868,3.5296026566782e-05,0.001481393905894957,1.284544182217695,0.09905757110924616,800.0280610015452
429d34ed,0.0,0.0,0.0,0.0,0.0,0.0,0.0,0.0,0.042264268685061855,0.010155105715646793,2.5782196490792558e-05,0.030675269001879352,0.6192830286591251,0.001596329298929481,0.22291507655144135,4.595033142554971,29.8990021944129,1.553898931595123e-05,0.0017328330219717547,1.9190155396500737,0.030345355234192923,808.2718085887949
01c6caa8,0.0,0.0,0.0,0.0,0.0,0.0,0.0,0.0,0.11113673425166756,0.012379324410363879,1.3253058066126938e-05,0.13356192365229852,0.3093110432584419,0.00024649278681415263,0.417029752437785,4.684059426342802,30.62333614223455,3.6222703930654496e-05,0.0031016146782584884,1.7897721716259791,0.0644349591552555,816.7624141391829
f0b794c8,0.0,0.0,0.0,0.0,0.0,0.0,0.0,0.0,0.09228282855735806,0.0042005797300983146,2.554286419714613e-05,0.01559380153400258,0.3761400359221309,0.0007210702886423216,0.5547374963634716,4.230483273849034,30.356325767958907,1.755560651613813e-05,0.0028357009578273908,1.7435821554429933,0.05848359277071528,800.9087848170791
adc87307,0.0,0.0,0.0,0.0,0.0,0.0,0.0,0.0,0.04740508238737121,0.008625022077401113,8.384090048363493e-06,0.021992742913672383,0.5738737581429477,0.00035448165062062023,0.2653874438157842,4.565985115739657,30.264264580812313,9.999530968295218e-05,0.004585756597436937,1.8540452808055756,0.05368583410258924,815.1613790249648
d5ec165c,0.0,0.0,0.0,0.0,0.0,0.0,0.0,0.0,0.04745663194291598,0.002371418336189937,4.102861561307613e-05,0.031188517693810116,0.04930647086940356,0.0016587791935915642,0.4983824254717264,4.482631405089219,30.235349192589208,1.4978855009900206e-05,0.003615337588225895,1.554965847093594,0.02922125611245467,825.0948177044816
11f7d99d,0.0,0.0,0.0,0.0,0.0,0.0,0.0,0.0,0.048696318439960445,0.008565086422051362,3.855249148353575e-05,0.031572379643110236,0.11079816394468628,0.00027911051245517097,0.16224784452840346,4.601811788406078,29.960265106634726,1.0827961344963699e-05,0.003083261609926893,1.623776409655981,0.039365129008914874,804.1297475931694
0b75e11c,0.0,0.0,0.0,0.0,0.0,0.0,0.0,0.0,0.10523354988829178,0.007267083369826517,2.694664511403802e-05,0.01928046458838702,0.5714417122228221,0.0004094517791047197,0.5980185221120782,4.366552246488248,29.93567954087805,7.05305912602169e-05,0.004156026934202169,1.701237136750511,0.0696953494774316,802.3695693255547
bc6e28de,0.0,0.0,0.0,0.0,0.0,0.0,0.0,0.0,0.060800578122818874,0.0022195221477986976,2.438813288815326e-05,0.01091803445457556,0.01294562750861851,0.0008656710706556759,0.10417459114974828,5.088576689192222,30.440617099784316,1.5616551494051755e-05,0.0023052827082732917,1.6061568195886438,0.07405207072476927,822.7838452395506
ad7d05db,0.0,0.0,0.0,0.0,0.0,0.0,0.0,0.0,0.05540202833780678,0.004254109180234735,7.96692081782462e-05,0.01320877155898778,0.0406680319996209,0.0033973934507778494,0.08738037593053483,4.670569978734994,30.37189820942358,2.0644691003096804e-05,0.0002970452627056301,1.8907999040706736,0.04021563134551389,806.961607757022
a2e4d0c2,0.0,0.0,0.0,0.0,0.0,0.0,0.0,0.0,0.027835344647059692,0.0019913743692999276,3.2653401106215286e-05,0.011182278559704838,0.03618069077492683,0.0008112879898554728,0.06504069047991085,4.427140158100121,30.72409904458376,1.943102004498628e-05,0.0005726305293548327,1.9320726423309937,0.08204643946436767,809.9475605860499
5890b3b5,0.0,0.0,0.0,0.0,0.0,0.0,0.0,0.0,0.1437314609831558,0.010271379255065669,7.646857058715604e-05,0.03450517642018644,0.4304975087627785,0.0003623156459561291,0.02214332070567123,4.3430089074052525,30.46862673578135,1.5758622312890764e-05,0.0006090472048720754,1.6983844184501902,0.09922841489756307,829.1904539351419
ea1271c8,0.0,0.0,0.0,0.0,0.0,0.0,0.0,0.0,0.02407010658133399,0.0017746869858318547,2.4068959383435295e-05,0.021316198954554492,0.4714482739621231,0.0007531386401714266,0.03523004751307387,4.292726525664565,30.304041054015546,4.059037073415866e-05,0.0012671041776024482,1.74872567010997,0.08123510788311944,803.808566875095
f16c645f,0.0,0.0,0.0,0.0,0.0,0.0,0.0,0.0,0.02657935735892761,0.0018791408812604833,1.9345048352073503e-05,0.0070237946824934045,0.34397171606265226,0.0004866451636242194,0.3167946847159507,4.208508687323854,30.03956979614634,3.398252489480364e-05,0.00016766484092701093,1.987299119096936,0.08728646969793158,811.5474598019732
0d4c2eb0,0.0,0.0,0.0,0.0,0.0,0.0,0.0,0.0,0.04123983913380702,0.002281437210290765,2.1968161860007277e-05,0.008633429074123379,0.23317610066188854,0.0005340395699354889,0.060243478182322785,4.907309398316532,30.085444486353094,5.176976087357941e-05,0.00023544372444971154,1.9794213288813873,0.04462403645412745,809.6373984720813
ac0d5db3,0.0,0.0,0.0,0.0,0.0,0.0,0.0,0.0,0.1477980423517097,0.0016653075065323826,3.918630785827796e-05,0.023590833741229146,0.279039907125088,0.0004382500963614663,0.6913016886126235,4.706495011340347,30.221929174026606,7.698093575105999e-06,0.00015049526878783338,1.3232375023109537,0.029775208218039324,851.150306783095
b8b84ad4,0.0,0.0,0.0,0.0,0.0,0.0,0.0,0.0,0.06376298979763098,0.008905163339955294,1.216249672890476e-05,0.014151973489105497,0.18700157920682048,0.00031120395627746495,0.1314457147635635,4.338013740482179,30.059853436709858,3.4045887821036717e-05,0.000498104820101214,1.6686316015610747,0.05115961715566102,800.1789913452541
fff445a0,0.0,0.0,0.0,0.0,0.0,0.0,0.0,0.0,0.07524288441129683,0.005514672240909516,2.504390694281927e-05,0.05521978828596919,0.6376997276422338,0.0002676303119113707,0.2506192815398025,4.604101011387778,29.87585142187467,0.00014519733033205559,0.0003741201954978827,0.8116136634471101,0.02555696384919224,845.1651324194523
12798ddb,0.0,0.0,0.0,0.0,0.0,0.0,0.0,0.0,0.02769497889875316,0.008431887297650346,0.00010555853078984198,0.01631145683349493,0.04127283683929468,0.0019454811270326964,0.9175926132804249,4.827822107892322,30.646981014559117,2.830190029508708e-05,0.0030322751655797006,1.850705261048851,0.049194987058046785,807.8045936643192
fe5a7967,0.0,0.0,0.0,0.0,0.0,0.0,0.0,0.0,0.02886571236858392,0.003289452677228219,4.304012666233361e-05,0.020239236091185348,0.21765761101654443,0.0005628982448247949,0.6400846426176031,4.290726893422066,30.62599105913076,1.3440927598866125e-05,0.002185147262062622,1.4279379688272174,0.014274954702381562,816.7286756670718
156cb9c1,0.0,0.0,0.0,0.0,0.0,0.0,0.0,0.0,0.07386108287358477,0.0011707091559918727,8.092935117682946e-05,0.008563339163875425,0.5862229272854953,0.0004995866752645618,0.08536113374264781,4.894756247623084,30.329834627161205,5.712135508094392e-05,0.0021325724368825754,1.5909144839968892,0.08800315268316355,803.9961144751874
e1576f19,0.0,0.0,0.0,0.0,0.0,0.0,0.0,0.0,0.09351270824998617,0.0034355716717455096,8.153210159126625e-05,0.014601092297479476,0.1968037263073759,0.00034370926923804525,0.2303655047234341,4.775371859172993,30.122913722632198,4.522333789935031e-05,0.0015428151741296023,0.508809932101094,0.05520366640140868,801.1267515636879
587b0e34,0.0,0.0,0.0,0.0,0.0,0.0,0.0,0.0,0.022774268522838537,0.0032870897190231123,3.521708134933448e-05,0.020919846909003944,0.1848853868937635,0.0017377361633019598,0.1490167890165746,4.32927210954664,30.555480316329906,2.413424338941556e-05,0.0030453278883704614,1.2789299246762742,0.07084449426671709,817.5436274005885
84c51ab4,0.0,0.0,0.0,0.0,0.0,0.0,0.0,0.0,0.0388383825599798,0.0015188586602009177,4.13717492748038e-05,0.023951904093079433,0.04931811844985213,0.0008338501330104474,0.01002164519581911,4.711708297520029,29.96853188190611,6.504741587950906e-06,0.00412900943201602,1.9988625867537249,0.023928953938145814,802.383741773747
38bd2548,0.0,0.0,0.0,0.0,0.0,0.0,0.0,0.0,0.03826656191136472,0.02183788849745722,1.3768189196186281e-05,0.07226865531589638,0.15466166845617002,0.002067145273402222,0.4774287953845803,4.883236962150151,30.3806647404205,3.440554725938276e-05,0.002609808380235219,1.876649282034966,0.07185821581076277,803.9905419596478
dc31840e,0.0,0.0,0.0,0.0,0.0,0.0,0.0,0.0,0.042395554459807513,0.003982845391511546,1.4736060461007865e-05,0.015583898315329709,0.39942173918768487,0.00022907376169966351,0.16584344993981173,4.963145408136084,29.78774960037306,2.5122642669725106e-05,0.003997844142369486,1.978951096925714,0.03651688481096449,800.4920962262846
c10fb9e5,0.0,0.0,0.0,0.0,0.0,0.0,0.0,0.0,0.03729366721098029,0.0051983088351285804,1.6330534719547667e-05,0.059528081929776766,0.040806015416112146,0.001673577361172791,0.1520018551343931,4.615052169809965,30.352973260223987,4.9379037888634764e-05,0.0041871638366342764,1.817582155695733,0.09995059013657258,925.3077995846179
5f9689b7,0.0,0.0,0.0,0.0,0.0,0.0,0.0,0.0,0.043500991923673404,0.0033187662475897663,1.894183964976198e-05,0.023844444832388505,0.27976858324045617,0.0007665472744303161,0.9680321056714036,4.517462265613861,29.97780466127291,1.9680449335809227e-05,0.0005372247479391073,1.66042489274325,0.04109219417912318,846.0724416623616
a92e1cc3,0.0,0.0,0.0,0.0,0.0,0.0,0.0,0.0,0.02732802123803856,0.00399896963411894,4.896245149805823e-05,0.01071516081679171,0.3508213023192305,0.0012064940281320618,0.551849230312592,4.507183392562268,30.238660866203826,5.4994912106886265e-05,0.0018505454709346726,1.9992253075611868,0.027538586920820854,815.3573583071724
002fc4bf,0.0,0.0,0.0,0.0,0.0,0.0,0.0,0.0,0.04593960077656757,0.00419063873028612,2.159831373347281e-05,0.023204478206416305,0.09919721172044044,0.001916493931541414,0.49402643760880993,4.559192176026599,30.530779891745073,3.5957879698806545e-05,0.0037554842297748644,0.6289025618220866,0.02851091730393355,801.4904074689347
e2cc08f9,0.0,0.0,0.0,0.0,0.0,0.0,0.0,0.0,0.037086974223741215,0.0030277880480460992,4.476726951777354e-05,0.027578948588607394,0.4179545047426736,0.0012070493310270397,0.39424662531787696,4.853139078499346,30.23305307357849,6.423038868065054e-06,0.004348329042378084,1.8818333254512694,0.014588275699074933,801.3946077072295
073a9da8,0.0,0.0,0.0,0.0,0.0,0.0,0.0,0.0,0.04123805231009728,0.00419305504576975,2.199387697106856e-05,0.045262143221874454,0.15791853141099538,0.0002062272622290133,0.41227886967514044,4.551613363060738,30.10681312934412,2.0653388950622527e-05,0.0026381380614095354,1.2332520822129507,0.037042511134884125,800.3922865642924
6b89deda,0.0,0.0,0.0,0.0,0.0,0.0,0.0,0.0,0.022680309930724642,0.0034235728511927384,4.15484720187132e-06,0.017692258100309895,0.02042608400235712,0.00025156395399108475,0.027510229809552027,4.886165761278877,29.643028669682852,1.2267414989086525e-06,0.003491455045389078,1.9720095345431297,0.022142493886446096,800.1585291336509
33a1a2a1,0.0,0.0,0.0,0.0,0.0,0.0,0.0,0.0,0.05866285478882724,0.023865245231833605,2.101149696005027e-05,0.01508176163792333,0.3708394069596428,0.0005553681354768993,0.3071853835424019,4.968197412235766,30.167679510019497,1.4558988989406932e-05,0.0033110616443125136,0.6899811139029423,0.08563301668027376,800.1057004683225
254bde2d,0.0,0.0,0.0,0.0,0.0,0.0,0.0,0.0,0.09332932876652253,0.004448395906687704,0.00042988639260754715,0.01807437708528413,0.2905325564061814,0.0023732752084399938,0.49969565923457776,4.144052315118366,30.16233281937557,1.727575277993711e-05,0.0012926236386515929,1.2483322768950105,0.08433073945254374,866.05408363649
67286bca,0.0,0.0,0.0,0.0,0.0,0.0,0.0,0.0,0.032632516357080754,0.002282389206153382,1.964018834630479e-05,0.01325725794946375,0.08651305264287204,0.0007650508709790678,0.7229180562592099,5.5525907468625375,29.98398629968241,1.3522397245572754e-05,0.003501643834320206,1.3699185015465944,0.03137203576557159,811.1055076274703
56aa8998,0.0,0.0,0.0,0.0,0.0,0.0,0.0,0.0,0.09085105009536289,0.005455616714624855,2.0585637500596278e-05,0.07616979631025574,0.5005213423910384,0.0006102971905704967,0.49953058336231415,4.466298039298838,30.3327335226298,2.288912159239953e-05,0.002325505907337152,1.9643317278752075,0.05291919011150862,813.4441606462516
