id,cost,total_movement,Br,solref_timeconst,solref_dampratio,solimp_dmin,solimp_dmax,solimp_width,sliding_friction,torsional_friction,rolling_friction,rocker_stiffness,rocker_damping,wheel_kp,wheel_kv,max_magnetic_distance,noslip_iterations
fe93be28,0.0009933738226152846,0.0009933738226152846,1.6280000000000001,0.0008,10.0,0.9093858641090091,0.9946237227781521,0.000667041325198778,0.9875569509007529,0.0005918218084330094,1e-05,100.0,2.3944828129459452,1.1759285898903755,5.75726487860823,0.0327445567430823,28
7d63b91c,0.0013696993768767011,0.0013696993768767011,1.6280000000000001,0.0001,10.0,0.99,0.9888339800571402,0.0011415985649063862,0.9,1e-05,0.0002613459992732968,100.0,1.2375460684521076,49.99999999999999,0.5928482832939789,0.01692755211410365,5
dc86da18,0.0014610638330321663,0.0014610638330321663,1.6280000000000001,0.0008,10.0,0.9137208216514818,0.9339344059107861,0.00011903526954275616,0.9583979812615279,0.00022356832399744093,0.1,96.88634515869913,3.8745785630244387,39.98075958510552,3.6704937706014618,0.029017090312252115,8
ed6adb2c,0.0015952980054844104,0.0015952980054844104,1.6280000000000001,0.00013009320051357202,10.0,0.99,0.987485973863464,0.0013809362910852145,0.9,1.3074073897908587e-05,3.64739951720383e-05,100.0,1.7451482839342105,2.1547467050836406,2.4752788513947017,0.01745335589836091,5
bbc16f2e,0.0016744447661826028,0.0016744447661826028,1.57790742033326,0.0005805462674217765,10.0,0.8943840838833926,1.0,0.01,0.9929683686160138,0.07004174503638193,0.022091162404388295,71.53863232471345,1.1275273721948,1.4797105366926302,4.907587632857971,0.08233325047490467,13
a0e2e14d,0.002689919565643588,0.002689919565643588,1.6280000000000001,0.0008,10.0,0.8,0.922243221261871,0.0001,0.9420075323682627,0.1,1e-05,100.0,4.999999999999999,49.99999999999999,10.0,0.030843970677716933,17
1a376f08,0.0027189374755371633,0.0027189374755371633,1.6280000000000001,0.00010271661519549089,10.0,0.9871850290029415,1.0,0.01,0.9175586503062445,0.000120714713737661,0.0038140731597942393,53.3366852236895,0.6572315473019168,49.99999999999999,3.1398703675576782,0.01785705122543599,14
8320216f,0.0028472016916140427,0.0028472016916140427,1.6280000000000001,0.0008,10.0,0.8,1.0,0.01,0.9,1e-05,1e-05,100.0,0.15799004465530372,49.99999999999999,1.195129577138288,0.05729838843011534,23
ce0ef821,0.003147805584242324,0.003147805584242324,1.6280000000000001,0.0006799127319389699,31.93583661761204,0.8572584740042786,0.992646484450374,0.003990674884565774,0.9,4.188997853947263e-05,4.626911015235805e-05,72.8894660284352,4.918078271847434,14.47643143529828,0.4641658965612733,0.0575128007018379,17
914010e8,0.003440841711609118,0.003440841711609118,1.4977783648563814,0.0008,50.0,0.99,1.0,0.01,0.9095740463011793,1e-05,2.115442767113321e-05,100.0,0.4708186262739037,2.782630425295733,0.1,0.028563859926181438,30
39d4f024,0.004114955401504129,0.004114955401504129,1.5333710314219828,0.0004153494763786802,10.530598446394661,0.979018333580122,0.9563288217845539,0.0005899741796710488,0.9015966252220214,8.386394780402563e-05,9.20665489227477e-05,48.2240320006911,1.0873416514163665,26.035934051088407,0.22219245475399152,0.01613435412811832,10
a61e30af,0.0044812751683725805,0.0044812751683725805,1.5541237877543534,0.0006202351563248237,27.03863681668925,0.8692960198090561,0.960120941905566,0.0021744717225238475,0.9053648550645388,0.00012842570740128153,5.922995648667854e-05,73.52581254390654,0.4533581880346417,45.389622253000276,0.6400456682176009,0.05758927573191088,25
6e512d73,0.004628931726626695,0.004628931726626695,1.4013945378157067,0.0003039744907688871,10.0,0.99,0.9856156579661168,0.00028060671481276955,0.9,1e-05,5.0412868722468965e-05,100.0,0.12002449744033765,49.99999999999999,0.2240192594793147,0.01533602545579239,5
d985845c,0.0050382715746025266,0.0050382715746025266,1.6280000000000001,0.0004074241663268652,10.0,0.8367182810103825,0.9004354602099266,0.01,0.9303644953023228,1.4153915384406856e-05,0.1,100.0,0.1,17.07609254185027,1.0733364694708663,0.1,21
1fd2f675,0.005098789062828179,0.005098789062828179,1.6280000000000001,0.0005690534743232164,13.902255646102494,0.9899580699932113,0.9,0.0001,0.9,0.002178288979356356,0.007123801315426145,100.0,0.12026923265298091,49.99999999999999,0.10004200605917438,0.05749617323789644,30
3ebcb9aa,0.005516481264348331,0.005516481264348331,1.565891959997237,0.000524171982346708,47.05203514053397,0.9237046348453695,0.9914959675543781,0.0050127628110142345,0.9449450674138203,2.4079111954644568e-05,0.0003042797205957132,46.648883383260554,1.3532626924992421,10.106416797231836,0.3543590967245047,0.026863620044473364,15
c5142f6f,0.005538588714223707,0.005538588714223707,1.4464889549291668,0.0001,10.0,0.9631801106578004,0.9823115519721988,0.01,0.9776899504870659,1e-05,0.004338109047896598,60.595923791462575,2.826906962781475,11.784669208889321,0.1,0.08943172029900992,12
0ac61e98,0.005574553740517161,0.005574553740517161,1.332,0.0001,14.887293273504431,0.8,0.9124768071041425,0.0003155527517815101,1.0,0.1,0.1,100.0,3.8477739221946954,49.99999999999999,10.0,0.010766775748793174,5
195538c3,0.005699651907011781,0.005699651907011781,1.6280000000000001,0.0004708696001804314,10.0,0.8183925691662404,0.9124128697530608,0.01,0.9312832086254369,3.640732334233709e-05,0.1,92.44274292124116,0.10000153404287038,14.248403203648541,0.7989044315140572,0.09935229112522212,21
3074417f,0.0059453026974022015,0.0059453026974022015,1.540831828758253,0.0001,18.957592530671647,0.99,1.0,0.01,0.9,1e-05,0.1,100.0,0.1,6.4015274821421295,0.1,0.030782344117327432,17
405c90f9,0.006124749093773708,0.006124749093773708,1.5132335001210184,0.0007306643381012885,29.53482163852733,0.9626171074557787,0.9396313958705579,0.007494183253318523,0.9,0.0013006463545036174,0.00014021430559081453,90.66400204624813,0.2860225878590106,30.582215490899728,0.1,0.05259238497270769,30
a29ff698,0.006538045503246422,0.006538045503246422,1.6280000000000001,0.0008,44.222557019606214,0.9899015685854273,0.9986127939119731,0.01,0.9,3.209389468401384e-05,0.012753997783914154,40.487082461386336,1.3863896760523948,3.203112967473477,0.38979598570223345,0.07564769417532005,19
e89b8f5e,0.006622854364897566,0.006622854364897566,1.6280000000000001,0.000302916977677081,10.0,0.801580513722758,0.9976494951984476,0.01,0.9,0.0021835635965709193,1.2299973839681095e-05,44.06678033318144,1.8911508521390625,1.0099521484191425,9.426149547307215,0.08225247885338167,10
1f80e9a8,0.006781531480378114,0.006781531480378114,1.519767998031604,0.0005764938160883369,31.23738333268546,0.8850788012688875,0.9552893089071328,0.00153247517419137,0.9080853326332715,0.000301035576867463,9.303358425496503e-05,63.553541485327315,0.6295448433523514,46.860446023633614,0.6275507961547501,0.057699541326145395,25
db3d8705,0.00711496904976612,0.00711496904976612,1.6280000000000001,0.0008,50.0,0.9503974962538868,1.0,0.01,0.9427965255778498,1e-05,0.0013177114080794342,100.0,0.825631929898179,22.016065313712048,0.1,0.027539434301263304,17
04120364,0.008155661283257202,0.008155661283257202,1.5047135253861526,0.00046479165036875857,10.0,0.9548689333285161,0.9,0.00012473328926098718,0.9823963496844058,0.001078505684756771,0.1,50.700978928389915,4.999999999999999,49.99999999999999,1.6275863328134286,0.010162267677749635,10
00431c72,0.008295470350324257,0.008295470350324257,1.4711035761413191,0.00029569223925773105,45.33976089065037,0.9420665670405086,0.9953071847023953,0.00045867028933948737,0.955276496683549,0.0019461211687965413,0.08343078595778343,11.894501789925954,0.33065117182887954,2.110338467688323,0.34431006137855663,0.02139605359364257,14
a863ba99,0.008580315087773146,0.008580315087773146,1.5555869774540252,0.00039760911214387133,18.317666514727556,0.9078630622857984,0.9031313292455558,0.004836927180682221,0.9449754133369765,0.00038071583792493945,0.05089035297840717,53.36690243421026,0.3587426165320525,9.314664173553306,1.1006988685589532,0.08901919015553572,26
9f78019c,0.008832960222238341,0.008832960222238341,1.6280000000000001,0.0005628385639897077,16.06584890820508,0.8,0.9385766666975054,0.0001,0.9776686005065265,1e-05,0.00034703889575318417,27.910059536193653,1.9638285773402042,26.80062571451642,1.0334503258743695,0.028106085764480183,5
2ae8c37b,0.009555581937651153,0.009555581937651153,1.5901733169433068,0.0007827631705647437,42.12195711893961,0.8634408305197147,0.9717645123904354,0.0053246984683873065,0.9267380070278519,1e-05,0.009008585823260747,62.734730000216715,0.13010361123124303,49.99999999999999,0.45318563256962713,0.05263250943907681,15
6ad083f2,0.009593894384242387,0.009593894384242387,1.5393059176719404,0.0006926627995668144,44.2529716751237,0.8768565441532161,0.988777009876096,0.005033347298469079,0.9935634994220948,0.013847220391272614,0.004741906854477645,38.07909527912933,0.4290394759826184,39.560203667773756,8.857836781385418,0.011704684421666051,13
4705e639,0.010288071532472574,0.010288071532472574,1.5909408087545187,0.0007933775744341208,37.7910533230015,0.8054250401518441,0.9283934242540316,0.0012896350068560556,0.9,1.3238924014480594e-05,0.00014487424794563884,100.0,0.9654741315331412,16.813187227420265,1.140804350347786,0.05747094849740425,23
9491ee9f,0.010323411470918175,0.010323411470918175,1.6280000000000001,0.0008,21.70356463233537,0.8120230735476728,1.0,0.01,0.9658331498167338,0.0021494920049733974,0.1,39.46229474387195,0.18386307589950734,2.913729872135426,0.1,0.08887593552823977,5
04cc4c01,0.01054403271889842,0.01054403271889842,1.4745010740113722,0.0003366396278140148,40.10303866933779,0.9143765703500224,0.9828886800557481,0.0005210133964964915,0.946614026919425,0.0025719511084413738,0.023796037155431576,12.117237902157278,0.45863281983974685,2.28006692890315,0.6067184969564458,0.02115112078734177,16
e5951793,0.010651953727901979,0.010651953727901979,1.4291331895725208,0.00020852913170942095,49.27363553242125,0.9593973653931791,0.9860404618311676,0.00031659402992749105,0.9038834734429424,0.00016332853202136966,0.001407115376152589,21.215400846516534,2.5499085487804543,2.892965595647223,8.521256941388401,0.019673684186862935,26
095e4a42,0.010730407514264146,0.010730407514264146,1.332,0.0002353675914905314,20.470449239477485,0.9775931533391512,0.9,0.0001,0.9839866943182368,0.0004044506693684176,0.018727784821382012,95.91996032228165,4.999999999999999,10.290530731249628,4.13049725594018,0.014485185389804043,18
3819c2f0,0.010762038062628349,0.010762038062628349,1.3335319613460503,0.0006669158278537787,10.0,0.8,0.9848236011773659,0.00026747720338930747,0.9866280611274028,0.0008644265375920144,0.003696397568323667,10.0,4.999999999999999,49.99999999999999,0.1,0.03276488594662606,27
1d721670,0.010797046896799556,0.010797046896799556,1.5040085826881362,0.0002595000307651339,22.43373385405701,0.8,0.9574627115731899,0.006980983683492237,0.9907688377565131,0.00032722679802506277,0.07893058183851306,21.851626933294558,4.999999999999999,37.41158893058368,3.398989737532387,0.011569748749748145,23
329597f8,0.011003975704902053,0.011003975704902053,1.5147745268498043,0.0005281572123417967,10.282652208788697,0.804381860757869,0.9524774660258389,0.0006305535040199287,0.9046665663213616,0.07852755494724264,8.532678095658718e-05,12.319878776395283,1.1236195345220408,4.464691453311353,9.256818992066885,0.0202414923788615,26
2946cdd6,0.011286888435262567,0.011286888435262567,1.332,0.0006117306178769018,24.880462084879987,0.876757091972092,0.9354133424612143,0.00029678991872141475,0.9,0.00014597038236862592,0.1,100.0,4.999999999999999,29.117569845296114,0.6989011036590732,0.00953528109452452,30
7c5aff56,0.011546698906139139,0.011546698906139139,1.5579928556744196,0.0001,33.70527812344863,0.9027366626855018,1.0,0.01,0.9160557353890862,0.0022144851040445802,0.05014074411788038,60.21781779246275,0.1,1.5417367489179314,10.0,0.08290931831528835,8
5ec027c8,0.011617555743628192,0.011617555743628192,1.4720724934420244,0.00043517144465825367,38.29764603846124,0.9327581280424438,0.9279580679544971,0.0006135835766288074,0.9031763336936363,0.0017536531425407418,0.0004165150595347009,61.12469470186627,1.1489804335727019,49.99999999999999,0.3983229023151574,0.057393938196337924,26
1d79293b,0.011623053391894083,0.011623053391894083,1.6280000000000001,0.000768770844724303,18.407695811059057,0.948684585536224,0.9944920735492034,0.01,0.9603633519614603,0.046384895883513334,0.0025180993820140157,24.258584040974256,2.351041356848236,1.0824549766213025,5.555720654162034,0.08976273267330465,5
75b11092,0.011798406419652773,0.011798406419652773,1.5807715508473876,0.0008,41.90289080576466,0.846695474037507,0.9839530831570762,0.009334400908891607,0.9247656642677733,1e-05,0.02043113765534102,78.04878889600212,0.10001999580937858,49.99999999999999,0.38481614259057656,0.052519492192260576,13
0357c03d,0.012017702613212477,0.012017702613212477,1.6187655487662425,0.0001773096924558045,30.79397871478517,0.841475520101238,0.9023250445582295,0.0004591948193871675,0.9,7.823322143166678e-05,1e-05,100.0,1.9357508054494306,16.783499192430675,5.906783563228489,0.05750542497007753,17
5eb18fc3,0.012627363286506798,0.012627363286506798,1.5143010347391899,0.00018044962242265463,45.01438957326294,0.8,0.915350453973439,0.001042447148320113,0.9,1e-05,1e-05,100.0,0.238989060495917,49.99999999999999,9.424800186144243,0.052606993741451474,30
5fe108b8,0.012841014602001424,0.012841014602001424,1.3456766784332113,0.00027547095415654104,22.083485746720157,0.964403944707829,0.9037099362644888,0.00016032040749701607,0.9832436400263811,0.0004968227449593428,0.017676480252902638,89.89006599892478,4.364044199658514,12.912098764358047,4.195041273561707,0.014630091679997783,17
2e8c735f,0.012853511700839364,0.012853511700839364,1.3638605985765668,0.0007397583191927163,42.96400230898206,0.99,1.0,0.0008352989829249812,0.9,2.559312008906025e-05,7.927786356634263e-05,10.0,0.26541847519685297,2.5177987797862396,0.1,0.009912353036155126,30
1002da8f,0.013136235372810319,0.013136235372810319,1.6280000000000001,0.0004491638031338776,10.0,0.9832689357290813,0.9855210369459737,0.009698477435962007,1.0,0.0002536578173184517,0.0001706409781020167,18.82785533722578,0.1,2.8152627494514357,0.3258634656102211,0.08258278073821723,5
41602a1e,0.013398969312475537,0.013398969312475537,1.3681380345913994,0.00034940848665388245,46.27313766183017,0.8517051273830808,0.9647690120541362,0.00010023992983448861,0.9352568856334169,0.0001656246725411736,4.5564164652235964e-05,34.20498618668373,0.6663640798842098,15.011636851823075,0.34579974413759984,0.010389260394630203,9
2e072e38,0.013442584751389597,0.013442584751389597,1.6280000000000001,0.0006400522248975458,45.09041619406553,0.8999712674487892,0.9245941423976668,0.0032095259704855,0.9,1e-05,0.01044215587734493,100.0,0.1339367116568945,49.99999999999999,0.1499172324720956,0.05284368020694113,19
a9f5ae00,0.013702235673871532,0.013702235673871532,1.6280000000000001,0.0008,13.241602932752206,0.99,0.9346389327710002,0.01,0.9591303744026214,5.776673712567833e-05,2.193658350095386e-05,22.49233114397349,0.4644362961791608,1.3288522136771286,3.4613276867791054,0.0714082330881575,12
c15b2765,0.013838247975060225,0.013838247975060225,1.5532067526006648,0.0004777844926723559,33.47004662655394,0.9833985083801863,0.9607034247686685,0.0003564497907039462,0.9296273505704082,4.582133690843358e-05,1.1549033124221254e-05,26.50949659364384,0.46869665564088364,3.152300460823989,0.10669882710369706,0.009071308492550079,23
fdb1db00,0.014544531763465533,0.014544531763465533,1.3423199507280337,0.0008,50.0,0.99,1.0,0.00044659031895598984,0.9,0.1,1e-05,10.000012747564748,0.1,17.18352011886775,0.10382257009328298,0.010941510678095321,20
2b4d54f6,0.015053768484187059,0.015053768484187059,1.6280000000000001,0.0008,11.118903325495438,0.9506230597570534,0.9672461514017335,0.01,0.9998847210862809,0.0008954687547441997,1e-05,10.0,0.45426651328759565,2.0212921037574665,0.1,0.07511846219328326,5
02558980,0.015157565581229484,0.015157565581229484,1.6139687121339565,0.0006458991325595189,12.730528400356047,0.9252526610686149,0.9639326220910579,0.0001429686785784653,0.9893432142039924,4.041713852304311e-05,0.00011701910100651717,10.0,0.1277599594382587,1.0,0.9325398086908913,0.07081472027476508,19
0c43f0ae,0.015214869901329687,0.015214869901329687,1.6268618087481643,0.0008,10.0,0.99,1.0,0.0001,0.922130852415324,0.1,1e-05,10.0,0.1,1.1090030464410199,0.1,0.011410687019048935,5
8256fb50,0.015643858640106943,0.015643858640106943,1.5444298766459656,0.0004967628569324736,34.550107929405556,0.9816074934319158,0.9579483544888835,0.0002977451176157148,0.9289122439464372,4.2949678175756626e-05,1.4274919923358854e-05,30.150237845930516,0.523319928816144,3.3134314185809695,0.1245753788244801,0.009167111262024111,23
b3d9bf18,0.016356182624319836,0.016356182624319836,1.5502759034141258,0.0002240713935268494,31.507541858923954,0.9194544790511312,0.9245479580663482,0.00031606200255170146,0.9963256140589422,0.0013720034404930415,7.663014207145673e-05,100.0,2.5325042845517456,13.256996148363077,8.89958645794157,0.008915230689929778,11
5817f7e7,0.01643624411400099,0.01643624411400099,1.6256911821286966,0.0008,29.206894472490948,0.8,0.990875026828203,0.01,0.9473404213493334,0.0024262851254530046,0.004435860541346714,16.902051440743747,1.1889351106085164,4.518900245094803,1.2737993212311982,0.08293109034972432,30
54946738,0.016533460681384116,0.016533460681384116,1.6280000000000001,0.0007815605325370872,50.0,0.8294845234319029,0.9739881498340005,0.005188795086893769,0.9748769897266117,1e-05,0.004453779470204125,10.774649147191452,0.10442565836097972,2.3139370939073753,0.244984359061946,0.03496291738588249,5
d7389d96,0.01668413476855605,0.01668413476855605,1.5496239712952686,0.00024635013451639964,31.657918953102637,0.9321990358755656,0.9228550021797299,0.00022382564990409238,0.9982168343329436,0.001165583967396926,0.00011048840376235817,99.14109236071427,4.367355246446875,8.882267151670803,5.824688255969174,0.008800019057804516,12
e1599532,0.01700158928044983,0.01700158928044983,1.512845528569012,0.00032638214770532454,43.68591248495019,0.8029658870726184,0.9509928060219515,0.0008578454746997912,0.925800718992468,0.0021728381245859603,0.013939370130318795,25.75540407068882,1.3264608455281686,1.3136510462462765,3.596401108476996,0.019023535653436098,25
f71700b5,0.017213645024714886,0.017213645024714886,1.5964551361357853,0.0006374326561346228,27.093327757767728,0.8,0.9259700888057462,0.0003586217340167568,0.951927317116115,0.000346266562396398,0.0001670716868838739,31.310777988262306,1.3152195126246333,14.667951479318337,3.6847703362186035,0.030132730411472554,7
8d9100f4,0.017436841952144493,0.017436841952144493,1.6280000000000001,0.0006147920649744803,10.0,0.99,0.9868863558755558,0.01,1.0,0.014985110221276743,1e-05,14.44469307426107,0.1883687873478599,14.042934911449802,0.1,0.0706783287931869,7
14eb25bb,0.017481581298732972,0.017481581298732972,1.4853082753497115,0.00016543498912664322,34.09506945481404,0.8224021804600047,0.9,0.0001,1.0,0.000524089215253568,1.0385406183279383e-05,69.6849978062304,4.999999999999999,9.583282262779749,4.6487316517918496,0.011323828885027637,5
2770d16b,0.017536029778823462,0.017536029778823462,1.346835959009342,0.0006770519944563353,41.23751354452233,0.818853538332627,0.9095462936340433,0.01,1.0,0.1,0.1,100.0,4.999999999999999,49.99999999999999,10.0,0.016416306383527403,5
b6f5ea0a,0.01754694688562886,0.01754694688562886,1.6280000000000001,0.0001493117132499089,41.42708910123858,0.99,1.0,0.0005190292127598769,0.9938777063298929,2.666733816174775e-05,1e-05,14.761492702771221,0.9707178992982568,1.0,0.1515294178458975,0.07099689725459402,7
dc7f2a16,0.018007954110796667,0.018007954110796667,1.6280000000000001,0.0001,31.490582434522352,0.8,0.9,0.0001,1.0,0.000389016160094315,3.00318168870953e-05,100.0,4.999999999999999,1.0,0.9767981010601446,0.010537852356855285,5
6238e6a3,0.01802437260990103,0.01802437260990103,1.6280000000000001,0.000791805296991855,32.498007815182,0.9625833495534519,0.964326779439558,0.0003825176292429154,0.9697487269245496,0.00010895382506203189,0.0004427989262741406,13.198529839230305,0.1,5.427535125506341,0.1,0.07074371522497003,24
3cfb53dd,0.01814975332214795,0.01814975332214795,1.6157160969124449,0.0006876319728214229,39.284538609095556,0.8405433595129173,0.9310310993610595,0.00015004481348792947,0.9704516264010946,2.605717915955146e-05,0.0006675022508908794,15.930950888777467,2.7776654019796516,6.870930168907235,1.4098632046621835,0.03979642833051937,7
97637bd0,0.01923043594082402,0.01923043594082402,1.4361398587975334,0.00022333953543437682,28.34982359107783,0.8,1.0,0.01,0.9,0.1,0.07548164574770984,36.12389671616665,1.3518558247518226,1.0,4.408163147967987,0.07542925922706185,12
b88f5318,0.019396785540988882,0.019396785540988882,1.619626780235175,0.0006942396769862589,38.86918084659493,0.8448371347523016,0.9256068322761324,0.00012046674587990318,0.9710662889685787,2.7769194556163865e-05,0.0005719341217670735,15.911796004861237,3.3256418753858057,6.421548250773351,1.3382928076562617,0.040165880815698655,8
620b628b,0.02003189333902578,0.02003189333902578,1.4757416710615232,0.0004138969000903732,49.77829850443284,0.8334257980086957,0.9018075363615521,0.0009722712197452008,0.9178822709221329,0.000292331179137677,0.0094772446582279,52.594450770640016,0.3337229276553642,8.351405627357144,1.0414253710293573,0.03364014257819259,11
fc6cd474,0.02006127786899984,0.02006127786899984,1.5283963768526239,0.00047255500580168454,17.48138369543546,0.9737188755680397,0.9622136968277774,0.002492923130236214,0.9803977126359007,0.003676692060181614,0.0002451230008466199,13.726145414081516,0.5660041827342069,2.3100515847733787,0.6272997551210584,0.07106540275521571,13
a602e8fb,0.02027333221935156,0.02027333221935156,1.4968658200731952,0.0006881025634014146,45.373856554659554,0.9016345974480241,0.9122062027463382,0.0006962958563818614,0.9484748885258628,0.0001135067265901634,0.010441513465044551,25.87224800396739,0.33794632790151413,2.764406771627785,0.36073601880138245,0.03439970697227065,12
12f5cbf0,0.020763211714010056,0.020763211714010056,1.5552737350281949,0.0005492446602876368,50.0,0.938362745573308,0.9033749308146635,0.003327429145823266,1.0,0.09325907460049536,0.000618195346103465,43.53549890600456,1.6070382830321839,5.918092089581111,10.0,0.015821710920234194,17
26ce3825,0.020869858055372982,0.020869858055372982,1.4488286741756038,0.0006909491985084182,47.20067339243328,0.8133790648614134,0.9208918717615361,0.0021993129611459538,0.9358646781296164,0.00010390934238117925,0.00015176175972003884,21.01603408967029,2.7660786537685365,1.7065363527089306,2.6171101019856917,0.026194214315346204,12
2f22e2ad,0.0210072214552215,0.0210072214552215,1.6280000000000001,0.0008,11.364321769240673,0.946647864296592,0.9403276071064927,0.01,0.9,0.009316666600874065,1e-05,10.0,4.999999999999999,1.0,10.0,0.07551599828200824,25
841ed298,0.021056860172544094,0.021056860172544094,1.6280000000000001,0.0005364678958246228,26.69660327452135,0.9739877588922201,0.9584650505767877,0.006650016642323562,0.9,0.0003878392000474513,1.2506916224903034e-05,17.55229105787509,3.370802578114564,1.548958365699868,5.349079287595444,0.07560650353920474,15
8d3e8167,0.021309792456209373,0.021309792456209373,1.5368092066289842,0.0004785232560070782,14.682708393406546,0.98113616087011,0.9648682951348313,0.0033567197885301346,0.9905363522377909,0.0020886641837532284,0.0001397947435206903,13.144374655411612,0.40763531933224867,2.292299099698804,0.5988422757322741,0.07190564730566967,11
9e6dae45,0.021650430781006143,0.021650430781006143,1.5242531477523367,0.0004928603157768769,16.480510264360404,0.9777122668571605,0.9625444716615179,0.0027772771585474094,0.9888247272957393,0.0019616081235054213,0.00012493062546732554,12.944792427844042,0.5130223970434018,2.7135447634771133,0.5696627003894837,0.07097305650015705,12
49766b1c,0.022028299942474905,0.022028299942474905,1.3400035711222003,0.0008,43.32766862379005,0.8233819926766955,0.9366636643524718,0.0001,0.9945335685082571,0.1,0.001634928059756585,10.0,1.2444170193939512,6.029755778108515,1.3547205943184306,0.01610523830010653,29
ab877286,0.022056826802578332,0.022056826802578332,1.6252990769598483,0.0004807079182077719,46.195267936188735,0.8844249460670002,0.9170163894498783,0.0003002192881697314,0.9530442786634724,0.016895004072842758,0.002716020034948306,26.292547107457715,0.4252655042436738,19.67773053770514,1.4654994681907343,0.03146816948925179,6
6704b85a,0.02293622467622615,0.02293622467622615,1.6280000000000001,0.0006471786451515353,10.128194771236922,0.964981877460539,0.9153605579733295,0.0005283152024185377,0.9187846539791403,4.946215911249857e-05,3.299330439301616e-05,10.0,4.999999999999999,7.590402223795925,0.10463034236627808,0.07092259318763995,16
daff5fcf,0.023122695634765607,0.023122695634765607,1.456255133508098,0.0002793448605161207,34.46054843462723,0.8155028942760457,0.9005184862773987,0.0018021412597928734,0.9194273953512042,1.9220455160385638e-05,0.0003864873723630602,11.24005745108039,3.208750441218675,1.114089463808324,1.4379036661621074,0.0185967901617442,22
ec413854,0.02322463912226571,0.02322463912226571,1.6280000000000001,0.000584351213540736,10.0,0.99,0.9723104386296373,0.01,0.9994903254510583,0.0026537163083686635,7.138641789741456e-05,10.0,0.11337349637151094,1.0,0.7937035184695035,0.07409537936605883,7
5e009ed8,0.024143104449028945,0.024143104449028945,1.6280000000000001,0.0005240106648043014,44.55756256448234,0.9637669601732165,0.9945038673780819,0.01,0.9055269707983622,1.514937505196228e-05,0.046349349638246835,10.0,4.765427722873882,2.6777878799722052,0.20296301926070068,0.07481887585045247,22
11e47713,0.024397200203337115,0.024397200203337115,1.510907544266234,0.00047788876391117123,18.122448989390776,0.9791421784060165,0.9598865466488536,0.0024522789265482973,0.9880467839015258,0.0031435197447135894,0.00015224209209544574,12.74953248482981,0.5965385870152049,2.3503024352065314,0.6808005465661973,0.07049269522854776,13
329b3c84,0.029371052613431176,0.029371052613431176,1.4584779495970643,0.0001,38.31705339150375,0.8,0.9009335599017042,0.00010985150245221338,0.9699477684197438,0.08810368579980363,0.00011148626855266083,10.024898137087085,1.8674111738277066,4.121407958451528,10.0,0.02660274683763974,10
750f2791,0.0365024884027216,0.0365024884027216,1.6177333229611253,0.00044338584492947477,30.735408733334005,0.99,0.9214974870331237,0.0029708724513182036,0.9860028455510113,1.3446828757504644e-05,1e-05,10.0,3.37106191325708,2.3436259005444717,0.3458255793525036,0.07092717110791284,25
2ebd7efd,0.14950746180281468,0.14950746180281468,1.441072076634431,0.0005788459079764296,28.988039397367185,0.9484538647536456,0.94871548420256,0.01,1.0,8.510952618850087e-05,2.045298758322829e-05,10.0,0.15178749634793404,1.0342954654566894,0.549030574161096,0.07571560815290332,5
9d01dd1d,0.18372744766910987,0.18372744766910987,1.4075773903178679,0.0006705406257706736,34.39900709760751,0.8279194677608331,1.0,0.009676606704388536,0.9376817718859558,0.00010285246688433859,1.5999736081779842e-05,32.62299379195671,0.6407244503475811,49.99999999999999,1.6593054001662983,0.05749388886211353,22
43b3a63c,0.43250060827536313,0.43250060827536313,1.4138478918731798,0.00011086631260180582,24.6898409431083,0.9311706142953359,0.9612194756766241,0.003730386365157876,0.9407384986338111,0.1,0.022775985409552096,30.421946014664375,0.7423308068804331,1.0,10.0,0.07269912989153873,15
4b0e91f2,0.47378753823192954,0.47378753823192954,1.3939137454078518,0.0001,10.0,0.980808431254957,0.9717302511679121,0.00038043555980998584,0.9806460867612115,0.00015084870186576752,0.00047348705985033923,37.48881960029171,1.5755434212243846,37.613175171980224,0.1,0.07751675210229539,14
faf5a724,0.7188019593046248,0.7188019593046248,1.3848801930237233,0.0002663499182189338,18.779495259030757,0.8156061885725971,1.0,0.007711935883418447,0.9946403927172939,0.07583639253133527,0.05080330816537998,14.864524898049897,0.2451445521370525,1.0,0.3156912418120319,0.07481598676022176,5
010a002c,68.59713010560782,68.59713010560782,1.3766123930137673,0.0004557391437185031,37.83251227163528,0.9630881729146068,0.9325958905201885,0.0002757287773964824,0.9711149532438018,0.01729833026599908,0.0002481212435748694,12.478907085543135,3.962057871586855,4.736558858366904,1.0851822988042261,0.06149729023258802,22
58485417,109.20746193738972,109.20746193738972,1.396754208993629,0.0004906714014121389,26.153446842321635,0.8123295269507066,0.9253915413934345,0.000311710998040167,0.9696304272839789,0.007064515131755325,3.911539496057506e-05,99.48107852912817,0.2839572365355344,45.628849213282194,0.6638562167964164,0.00552039303445828,14
59247113,109.26312057594652,109.26312057594652,1.567776724110629,0.00022840435290631466,41.18764001091078,0.9134015300098326,0.9445832752853591,0.00015847101210439096,0.9459248891965868,0.00021618942406574447,3.727925903376984e-05,44.75983459259065,0.12469285841461956,16.85210891283815,7.53538450929555,0.005011678487323829,30
59d4bd86,110.08952253930029,110.08952253930029,1.5066017708779211,0.0007852250007925065,29.46968611837821,0.9721587696665253,0.9434394365510429,0.0005013682353796104,0.9645103362030565,0.0047391039915187835,0.028620041573949043,16.989682707747672,0.7048790108399118,9.371691346343933,3.444355967660711,0.00569770315704252,30
