id,cost,elapsed_min,pulloff_force,pulloff_shortfall,pulloff_cost,wrench_achieved,wrench_shortfall,wrench_detach_cost,wrench_drift_cost,xy_drift,sliding_friction,torsional_friction,rolling_friction,solref_timeconst,solimp_dmin,solimp_width,solimp_midpoint,solimp_power,noslip_iterations,noslip_tolerance,margin,Br,max_magnetic_distance,max_force_per_wheel
d15efb52,0.652324,0.28,352.3400,0.631586,0.631586,25.4606,0.532945,0.373061,0.300000,41.7002,0.19931007,0.0028742237,4.9466132e-05,0.0090555296,0.42975298,0.00026900333,0.96807058,4.7302362,29.859154,4.6001633e-05,0.0017872916,0.80636979,0.04094326,302.34337
60b98923,0.165866,0.28,762.2000,0.203028,0.203028,57.5935,0.000000,0.000000,0.128704,4.2901,0.042957564,0.0021444362,1.5708998e-05,0.0039289383,0.22758889,0.00011920688,0.93970405,4.4322654,30.020259,1.1818485e-05,0.0016750156,1.0525935,0.015641477,713.75446
3a30b3fb,0.286922,0.28,699.2400,0.268860,0.268860,54.1250,0.007118,0.004983,0.300000,305.0184,0.093394949,0.0025851846,2.0868283e-05,0.01136814,0.49595077,0.00015229339,0.74676876,4.1337377,30.062661,8.1673293e-06,0.0007763783,1.0952353,0.057695254,649.4453
c1bcfb8d,0.150000,0.28,966.7200,0.000000,0.000000,73.0140,0.000000,0.000000,0.300000,296.5373,0.13056312,0.0025684349,1.1387811e-05,0.0019232885,0.36180639,0.00065636034,0.6030877,3.9710747,30.097228,2.4236595e-05,0.0014990809,1.3266467,0.070616101,917.21552
73ff0753,0.492966,0.28,495.1600,0.482251,0.482251,38.6512,0.290974,0.203682,0.300000,329.6888,0.079204479,0.0025540886,3.97539e-05,0.0062039269,0.35624568,0.00027816425,0.1680924,4.141129,30.243765,8.0702147e-05,0.0023814235,1.5899947,0.044471941,445.33243
0afde807,0.466310,0.28,522.1000,0.454082,0.454082,40.6093,0.255054,0.178538,0.300000,182.2667,0.18152384,0.0091498214,3.0849783e-05,0.0093196183,0.18793476,0.00055792414,0.52611468,4.4102956,30.027529,8.0114322e-06,0.0021472846,1.1794179,0.094959878,472.21669
9beda325,0.270126,0.28,726.6000,0.240252,0.240252,54.7575,0.000000,0.000000,0.300000,26.8051,0.080903427,0.0022360028,5.9514474e-05,0.0039685,0.34106967,0.00045079904,0.52912389,4.7906008,29.789378,2.5217277e-05,0.0018891944,0.51927701,0.04250407,676.92657
9c4526fa,9999.000000,0.28,50.3000,0.947405,0.947405,0.0000,1.000000,9999.000000,0.000000,0.0000,0.14192178,0.0026892031,1.1895583e-05,0.0023648579,0.39718418,0.00018168226,0.45161325,4.6212183,30.565872,3.5675907e-05,0.002910825,0.96618368,0.01202656,592.69364
060609d3,0.150000,0.28,1248.2600,0.000000,0.000000,95.4600,0.000000,0.000000,0.300000,43.4002,0.14742939,0.017337053,2.7687982e-05,0.0038946207,0.48958632,0.0001410556,0.84285419,4.7255855,30.237316,1.6872327e-05,0.0042913706,0.52875987,0.051958343,1198.9372
059ff2d2,0.594362,0.28,397.5000,0.584366,0.584366,30.8109,0.434798,0.304358,0.300000,336.5122,0.071343449,0.002138504,3.3876273e-05,0.0022333443,0.036107444,0.00033156544,0.18130206,4.6420813,29.724165,9.2256137e-05,0.0013649905,0.86172075,0.060765384,347.51992
e2f58e5d,0.277762,0.28,717.5400,0.249726,0.249726,54.0616,0.008283,0.005798,0.300000,14.4035,0.16548284,0.0078008913,1.0417214e-05,0.0035924502,0.57796595,0.00054268904,0.12890683,4.1038531,30.156587,3.882382e-05,0.0029000585,1.1736201,0.021655812,667.97694
fb5260f6,0.150000,0.28,1224.7200,0.000000,0.000000,91.8630,0.000000,0.000000,0.300000,376.3644,0.17315568,0.0019306067,0.00011474568,0.004386836,0.14260385,0.00049770225,0.20758923,4.7361313,30.347589,1.7938552e-05,0.0038478231,1.2101512,0.061125052,1175.4665
cf07d9e0,0.536836,0.28,453.6400,0.525665,0.525665,35.1994,0.354295,0.248006,0.300000,180.6564,0.11937093,0.0018787904,1.7105815e-05,0.0017999245,0.47686916,0.00040026482,0.58300902,4.7481612,30.003901,8.6312608e-05,0.0020783617,1.4327101,0.053370205,403.76732
43423395,0.249235,0.28,766.5600,0.198469,0.198469,57.8207,0.000000,0.000000,0.300000,26.5508,0.067491215,0.0044130845,2.7099463e-05,0.0051784817,0.64197332,0.00030071212,0.24595644,4.0455345,29.866042,5.7138377e-05,0.0028440906,0.56233723,0.039043355,716.93422
6c056361,0.194298,0.28,871.6400,0.088595,0.088595,66.5701,0.000000,0.000000,0.300000,354.0103,0.076799389,0.0035165573,3.2920221e-05,0.0014358373,0.60733774,0.0004658417,0.82492234,4.8161485,29.586687,1.6544111e-05,0.0032847084,1.2679729,0.049443767,822.1244
33ac14fa,0.639853,0.28,364.6200,0.618746,0.618746,26.4029,0.515659,0.360961,0.300000,31.9725,0.20978873,0.0069290055,6.1122706e-05,0.0049592896,0.40541788,0.00053418887,0.26814747,4.4289526,29.854387,3.3462858e-05,0.0048695298,0.50324526,0.055651581,314.63557
c6dfaeb2,9999.000000,0.28,50.2800,0.947426,0.947426,0.0000,1.000000,9999.000000,0.000000,0.0000,0.10207877,0.0067094411,3.3058576e-05,0.001502011,0.28540582,0.00050568837,0.28088532,4.5649392,30.013672,2.0161072e-05,0.0047964356,1.3403527,0.012189427,653.98855
b60ca048,0.036911,0.28,959.3400,0.000000,0.000000,70.5340,0.000000,0.000000,0.073823,2.4608,0.089532159,0.0056981111,1.8291195e-05,0.0029213171,0.65149835,0.00057508388,0.13990336,4.3996471,29.857512,2.0137007e-05,0.004576638,1.2057976,0.014514868,912.25248
5d900e7d,0.608107,0.28,395.5400,0.586415,0.586415,28.8298,0.471140,0.329798,0.300000,21.5418,0.61257865,0.0064526883,1.1070972e-05,0.0022632276,0.88007877,0.00019395249,0.63314868,4.732396,29.721913,3.0348821e-05,1.6169425e-05,0.62290105,0.029094904,345.593
3bdcadd1,0.436057,0.28,551.9600,0.422859,0.422859,42.8898,0.213220,0.149254,0.300000,96.6466,0.43675551,0.0011774868,2.3333813e-05,0.0034611673,0.93238816,0.00011728262,0.8489566,4.50307,29.705539,4.351465e-05,0.0028207593,0.75778234,0.036352321,502.139
bfe2d444,0.150000,0.57,1118.4600,0.000000,0.000000,84.1266,0.000000,0.000000,0.300000,33.2049,0.042591588,0.0012747858,3.5319944e-05,0.0074457348,0.6747648,0.00017890455,0.36193934,4.2582784,30.166398,4.1718879e-05,0.0038724494,0.8192449,0.044283864,1069.0769
953f2014,0.176951,0.57,904.8200,0.053902,0.053902,68.3409,0.000000,0.000000,0.300000,27.8064,0.046284047,0.0060590073,2.7084144e-05,0.001886974,0.55683275,0.00066547632,0.3016561,4.0264386,30.100018,3.1218538e-05,0.0027991477,1.3544831,0.030118107,855.30542
541d5bb4,0.150000,0.57,1226.1600,0.000000,0.000000,91.9827,0.000000,0.000000,0.300000,29.2343,0.075045347,0.0038269901,2.6516724e-05,0.00081697372,0.57531132,0.00038134363,0.46916256,4.4863911,29.823904,1.4657164e-05,0.0039336746,0.92127604,0.034029021,1176.837
bb27f387,0.150000,0.57,1165.6000,0.000000,0.000000,87.5726,0.000000,0.000000,0.300000,20.7276,0.1429771,0.0023760649,2.3906552e-05,0.0044300071,0.99378042,0.0002525175,0.84682368,4.1659537,29.641101,1.0394252e-05,0.0028416967,1.0893336,0.025139058,1116.2782
635d6bb4,0.207974,0.57,845.4800,0.115949,0.115949,63.8259,0.000000,0.000000,0.300000,308.7212,0.11279243,0.0055282081,3.168546e-05,0.0072773858,0.65254811,0.00044302924,0.23914802,4.8550818,29.868664,2.5561885e-05,0.0043111401,1.3996868,0.038786583,795.95843
8d3148a8,0.150000,0.57,1249.2000,0.000000,0.000000,93.6487,0.000000,0.000000,0.300000,37.1140,0.082133373,0.0014101342,1.5169751e-05,0.003348773,0.32787702,0.00043435252,0.61457772,4.4218116,30.26346,1.7826168e-05,0.0015404292,0.97014849,0.058183096,1199.8901
a3f46bbc,0.150000,0.57,1094.5800,0.000000,0.000000,82.3896,0.000000,0.000000,0.300000,17.6443,0.046842372,0.0071413444,1.6998881e-05,0.0015476955,0.40563662,0.00024656917,0.89757332,4.2233488,30.134199,5.7838024e-05,0.0034352458,0.61287814,0.025629405,1045.1619
ad1baa65,9999.000000,0.57,50.2800,0.947426,0.947426,0.0000,1.000000,9999.000000,0.000000,0.0000,0.16610131,0.014572095,1.526377e-05,0.002784443,0.10792267,0.00034165528,0.73705057,4.7951536,30.645217,4.705022e-05,0.0041946292,0.93264988,0.013472158,1069.8091
8a1e2aed,0.150000,0.57,1231.5600,0.000000,0.000000,94.9423,0.000000,0.000000,0.300000,128.4010,0.22263619,0.0043060746,1.835694e-05,0.0079589842,0.24456974,0.00022982972,0.71540989,4.6841835,29.54433,1.5743693e-05,0.0018967338,1.8940955,0.066292795,1182.3112
16015af7,0.150000,0.57,1144.2800,0.000000,0.000000,86.0203,0.000000,0.000000,0.300000,22.2929,0.052500719,0.0041160696,2.604224e-05,0.0046376308,0.083727093,0.00025139613,0.63192143,3.825534,29.773928,2.3557547e-05,0.0019500454,0.56008584,0.030680818,1094.9111
f621df03,0.150000,0.57,1119.7400,0.000000,0.000000,84.2671,0.000000,0.000000,0.300000,11.8898,0.052721184,0.00456811,3.3057922e-05,0.002373768,0.83149387,0.00023350326,0.21949507,4.778361,29.732447,1.0894674e-05,0.0014770099,1.3674329,0.018803075,1070.3787
98382ea9,0.241309,0.57,781.7200,0.182618,0.182618,58.9914,0.000000,0.000000,0.300000,29.3358,0.17750566,0.0017324937,7.6035111e-06,0.0059328891,0.26576644,0.00038538486,0.22222477,4.5694206,30.253836,3.0296973e-05,0.0039708261,1.4220596,0.030475859,732.07488
f29f0a7f,0.339880,0.57,656.6400,0.313404,0.313404,49.3456,0.094793,0.066355,0.300000,12.4975,0.036359026,0.0083384462,1.1951975e-05,0.0038185777,0.38211067,0.0006440529,0.24107665,4.4010319,29.586624,1.0813998e-05,0.0035831546,1.1050252,0.020855016,606.98067
e42be7e1,0.150000,0.57,999.8400,0.000000,0.000000,75.5014,0.000000,0.000000,0.300000,26.7827,0.066134607,0.001421116,2.1343067e-05,0.004901613,0.5086775,0.001189513,0.26726926,4.0357573,29.741654,4.9228235e-06,0.0025911129,1.5863361,0.028071096,950.38398
8379b38e,0.150000,0.57,1248.1800,0.000000,0.000000,93.5708,0.000000,0.000000,0.300000,31.8121,0.016581381,0.0038171566,7.7657241e-06,0.0071436424,0.19194026,0.0002278296,0.036796328,4.2884421,29.71574,2.961385e-05,0.0017449431,1.6557939,0.02938698,1198.8772
70e1ec66,0.150000,0.57,1205.7200,0.000000,0.000000,91.6527,0.000000,0.000000,0.300000,315.3709,0.13155658,0.0016301732,6.0336575e-05,0.0041019505,0.33598171,0.00022772314,0.65141041,4.178901,30.401908,5.6210561e-06,0.0016855863,1.4536363,0.063358103,1156.3722
64faa29a,0.278180,0.57,717.1200,0.250165,0.250165,54.0306,0.008851,0.006196,0.300000,24.7121,0.12579474,0.0014845234,2.4048269e-05,0.0053171007,0.4108104,0.00063043563,0.46362809,4.2341197,30.003218,1.5327952e-05,0.0039975135,0.87640626,0.030894338,667.55706
444de502,0.589295,0.57,413.8600,0.567260,0.567260,30.2679,0.444759,0.311331,0.300000,15.9970,0.18079738,0.0089973704,1.499987e-05,0.0037068494,0.69236962,0.00024043194,0.25598748,4.4286393,30.190569,6.3051616e-06,0.0020293965,1.0362357,0.024295511,363.92842
e7494187,0.238161,0.57,787.7400,0.176323,0.176323,60.3913,0.000000,0.000000,0.300000,85.8553,0.13729371,0.001385172,7.2262899e-05,0.0017368457,0.0093492722,0.0006127126,0.65588648,4.9641122,30.324585,1.3683229e-05,0.0039289022,0.7199497,0.045811225,738.12009
070e36ec,0.150000,0.57,992.4000,0.000000,0.000000,74.9441,0.000000,0.000000,0.300000,18.9805,0.082662464,0.0019959801,1.9200322e-05,0.0025388877,0.63099121,0.00040158082,0.48614726,4.5017821,29.917781,2.9181268e-05,0.004274451,1.2012304,0.023941626,942.92966
0361f2f2,0.150000,0.85,1248.2200,0.000000,0.000000,93.5881,0.000000,0.000000,0.300000,10.4891,0.042175503,0.0015408588,8.3284444e-05,0.0045577039,0.6461445,0.0017531249,0.34854878,4.0241848,30.182556,2.0610987e-05,0.0036777459,1.9940783,0.017726275,1199.0438
0566af09,0.150000,0.85,1198.4000,0.000000,0.000000,89.9735,0.000000,0.000000,0.300000,38.1110,0.11641099,0.0038310785,3.8496817e-05,0.0045426165,0.54232231,0.00010965536,0.8803275,4.8891506,29.764122,1.3398972e-05,0.00026755472,1.0097643,0.075325253,1149.1066
a5ccb447,0.150000,0.85,1182.1400,0.000000,0.000000,90.5643,0.000000,0.000000,0.300000,42.5645,0.069871462,0.0044488801,1.8185885e-05,0.0025071644,0.58078895,0.00063626274,0.20364297,4.3822395,29.900235,2.1680238e-05,0.001884572,0.60303216,0.044785071,1132.7852
edfc96ad,0.150000,0.85,1142.5600,0.000000,0.000000,88.3771,0.000000,0.000000,0.300000,129.3996,0.19309483,0.0019150468,2.1545057e-05,0.0018003924,0.63192636,0.00042657295,0.98924821,3.8744028,29.688209,2.2742668e-05,0.0049348825,1.8034962,0.079590212,1093.197
20afdd42,0.150000,0.85,1148.7200,0.000000,0.000000,87.8306,0.000000,0.000000,0.300000,29.5530,0.046431155,0.0023861263,1.1772201e-05,0.0041370102,0.31046044,0.00010734301,0.2988575,4.6163124,29.771415,4.0872803e-05,0.0046391073,0.63304107,0.081661612,1099.3863
2ba38222,9999.000000,0.85,50.2800,0.947426,0.947426,0.0000,1.000000,9999.000000,0.000000,0.0000,0.20160475,0.00057775983,1.647652e-05,0.0027137683,0.46435761,0.00062156232,0.015299625,4.4838298,30.214862,4.5344991e-05,0.0036152624,1.2701589,0.013121809,1100.1525
6eced804,0.093112,0.85,1239.3600,0.000000,0.000000,91.0741,0.000000,0.000000,0.186225,6.2075,0.21388196,0.0034884353,1.538526e-05,0.0026402008,0.68464355,0.0002635146,0.5822735,4.6457987,29.380045,1.5368374e-05,0.0042969899,0.59221856,0.015157977,1191.2868
cfa20ebf,0.168189,0.85,921.5800,0.036377,0.036377,71.4476,0.000000,0.000000,0.300000,436.0742,0.19894221,0.0024509005,3.6981572e-05,0.0043393875,0.011359686,0.00049369326,0.35582601,4.1979164,30.574691,1.0797356e-05,0.0018547045,1.2013366,0.098981343,872.07527
9be34cf1,0.150000,0.85,1247.9800,0.000000,0.000000,93.5387,0.000000,0.000000,0.300000,13.1643,0.086047559,0.0038274472,1.5226644e-05,0.014006338,0.6657074,0.0001124651,0.3394218,4.7195959,29.990369,3.1395158e-05,0.0042453798,0.51018361,0.022153722,1198.7512
b1396b4d,0.150000,0.85,1248.8800,0.000000,0.000000,93.6274,0.000000,0.000000,0.300000,45.1409,0.082108297,0.0072327573,1.5008025e-05,0.003267337,0.77757504,0.00024475695,0.96310439,4.2505296,29.901055,3.2317805e-05,0.0037676066,1.3108237,0.054662747,1199.6043
9327f993,9999.000000,0.85,50.2800,0.947426,0.947426,0.0000,1.000000,9999.000000,0.000000,0.0000,0.12472716,0.0014634759,1.9050672e-05,0.023132552,0.28837577,0.00016579543,0.84381373,4.0672716,29.884694,1.119243e-05,0.0034697025,1.8823872,0.012134577,1193.3193
df2147fb,0.150000,0.85,1246.4400,0.000000,0.000000,93.4574,0.000000,0.000000,0.300000,15.0393,0.031641912,0.00090644281,2.4360311e-05,0.0031907563,0.45587248,0.00057095441,0.82375605,4.4214868,29.952631,1.8448625e-05,0.00194114,1.1084326,0.020610948,1197.2049
a6ee8aee,9999.000000,0.85,50.3000,0.947405,0.947405,0.0000,1.000000,9999.000000,0.000000,0.0000,0.12122267,0.0015840525,5.1332183e-05,0.0013290984,0.65420527,7.4586092e-05,0.030827376,4.4964236,29.721556,1.3665782e-05,0.0016518412,1.2117316,0.012042117,980.27532
1f74c131,0.262650,0.85,740.9000,0.225300,0.225300,55.8569,0.000000,0.000000,0.300000,13.8713,0.017299635,0.00095659743,2.3685014e-05,0.0068036148,0.99565052,0.00034692483,0.14761683,4.1968248,30.43382,2.130854e-05,0.00289746,0.8802946,0.02147874,691.27285
02be342a,0.227057,0.85,808.9800,0.154114,0.154114,61.0578,0.000000,0.000000,0.300000,25.7103,0.047737928,0.0012507004,2.8821139e-05,0.0038206395,0.55372289,0.00018303299,0.094062069,5.0258975,29.734678,2.1680169e-05,0.004027481,0.5539794,0.038560363,759.41981
bcf57d3f,0.150000,0.85,1170.1800,0.000000,0.000000,87.7165,0.000000,0.000000,0.300000,40.7882,0.054073017,0.0017090185,3.1771114e-05,0.0013192766,0.76432023,0.00019679176,0.83108868,3.8260624,29.844873,1.6683586e-05,0.0022200722,1.0914508,0.063609471,1120.8305
90dce7e5,0.150000,0.85,1136.1200,0.000000,0.000000,85.4264,0.000000,0.000000,0.300000,37.0147,0.055518126,0.00085507333,2.9598171e-05,0.0027837813,0.65305672,0.00035720006,0.012724199,4.2257017,29.994666,3.7632912e-05,0.0042266424,0.93551977,0.071707006,1086.7799
d412ea65,0.150000,0.85,1144.1200,0.000000,0.000000,86.0074,0.000000,0.000000,0.300000,21.6666,0.049973813,0.0027355573,2.0420583e-05,0.0017202203,0.95932973,0.00023861639,0.60210838,4.2085164,29.754006,2.3752933e-05,0.0032666253,1.3524386,0.024812422,1094.7516
ea389a26,0.049886,0.85,1210.9200,0.000000,0.000000,89.5718,0.000000,0.000000,0.099772,3.3257,0.024929265,0.0041807152,2.90256e-05,0.0064014264,0.6111962,0.00012509696,0.62804515,4.2257997,29.131421,7.4309648e-06,0.0033300369,1.5798593,0.014755655,1163.2312
aa384027,0.150000,0.85,1168.0200,0.000000,0.000000,88.3662,0.000000,0.000000,0.300000,335.7940,0.099570125,0.0015869757,1.7845275e-05,0.0024389458,0.98978161,0.00039983712,0.95753973,4.2221775,29.568417,6.8934881e-06,0.0027854189,1.1001751,0.052127145,1118.6552
d3b9fd5b,0.222613,1.10,817.4800,0.145226,0.145226,61.7202,0.000000,0.000000,0.300000,22.0818,0.037074456,0.0016399288,1.2791986e-05,0.0093099248,0.60473293,0.00045345965,0.017494176,4.490045,29.615689,8.0048196e-06,0.0036283819,0.74991601,0.029476137,767.96291
32325d01,0.150000,1.10,1248.6200,0.000000,0.000000,93.5831,0.000000,0.000000,0.300000,48.9545,0.13318843,0.0027978351,8.3796555e-05,0.0015690252,0.82213065,0.00017078892,0.62765515,4.4845429,29.125833,7.9404954e-06,0.0044785841,1.4595904,0.05106444,1199.3417
f25849e4,9999.000000,1.10,50.2800,0.947426,0.947426,0.0000,1.000000,9999.000000,0.000000,0.0000,0.088705741,0.0058262168,3.636101e-05,0.0099777775,0.345238,0.00069678354,0.21740067,4.5998939,29.369606,1.2619259e-05,0.0045407085,0.59896258,0.013167052,916.82267
08b09e15,9999.000000,1.10,50.2800,0.947426,0.947426,0.0000,1.000000,9999.000000,0.000000,0.0000,0.099197303,0.0054865736,8.3056957e-06,0.0090913005,0.93477269,0.00011469414,0.52507767,4.6002492,29.349275,6.2743421e-06,0.0035532066,0.69952331,0.012048966,1111.5129
5b7f997b,9999.000000,1.10,50.2800,0.947426,0.947426,0.0000,1.000000,9999.000000,0.000000,0.0000,0.029563988,0.0089547555,3.1620981e-05,0.010298419,0.61346103,0.00032300595,0.58322266,4.6518483,29.379026,7.9548336e-06,0.0038468993,1.0375853,0.012196149,697.60422
4b721f46,0.150000,1.10,1235.2600,0.000000,0.000000,92.6295,0.000000,0.000000,0.300000,26.0239,0.17069378,0.0028000534,9.7778546e-06,0.0028389767,0.87160676,0.00027029815,0.475473,4.1243063,29.829725,1.1329529e-05,0.0036295928,0.74176562,0.032737631,1185.9602
c06f934d,0.209041,1.10,843.4400,0.118082,0.118082,96.8694,0.000000,0.000000,0.300000,70.5408,0.015007043,0.0032562586,6.7537561e-06,0.0043260065,0.76182935,0.00058966793,0.2147631,4.0965853,29.460811,2.5958512e-05,0.00098321875,0.67578034,0.055987472,793.91285
3036cf95,0.129204,1.10,1226.4800,0.000000,0.000000,92.0309,0.000000,0.000000,0.258408,8.6136,0.038428743,0.00081263118,2.0249699e-05,0.0021587774,0.84590131,0.00051269492,0.71658549,4.1685652,29.53612,1.567416e-05,0.0030255992,0.86460157,0.016975017,1177.5302
111040f2,9999.000000,1.10,50.2800,0.947426,0.947426,0.0000,1.000000,9999.000000,0.000000,0.0000,0.097920214,0.0019405379,1.5982399e-05,0.011113462,0.82513323,8.7487781e-05,0.53752244,4.543208,29.477802,6.5860015e-06,0.0044963853,1.1850327,0.013011984,1123.02
edfa51aa,0.180872,1.10,897.3200,0.061744,0.061744,67.7745,0.000000,0.000000,0.300000,321.8746,0.030893189,0.0012320375,1.0156252e-05,0.0043431287,0.19317711,0.0012997498,0.97574944,4.0978641,30.024662,8.5668931e-06,0.0047015653,1.3016137,0.041246948,847.83888
7085d04e,0.150000,1.10,1244.6600,0.000000,0.000000,95.3883,0.000000,0.000000,0.300000,41.6282,0.053836339,0.0024304167,1.2591075e-05,0.0025009228,0.83129498,0.00093941357,0.4379857,4.457182,29.884507,1.0775584e-05,0.0048132422,0.68790909,0.072960008,1195.4304
5bef84a6,9999.000000,1.10,50.3000,0.947405,0.947405,0.0000,1.000000,9999.000000,0.000000,0.0000,0.097607719,0.0056872672,1.1595858e-05,0.0031025339,0.71351968,0.00018499298,0.71355494,4.5074393,29.816641,6.9962141e-06,0.0025888987,0.52321205,0.012578123,1063.6671
ce15d5a0,0.150000,1.10,1246.9400,0.000000,0.000000,93.4491,0.000000,0.000000,0.300000,19.6877,0.047179834,0.0061180312,1.9199336e-05,0.0050598176,0.80782792,0.0006915595,0.96690454,4.5959679,29.726301,2.0716101e-05,0.0018443739,0.7452828,0.024870361,1197.6434
1ee895c7,9999.000000,1.10,50.2800,0.947426,0.947426,0.0000,1.000000,9999.000000,0.000000,0.0000,0.045575056,0.0022037424,1.489153e-05,0.010523476,0.4703654,0.00025068713,0.74248715,3.9696227,29.558052,4.6403061e-06,0.0027928731,0.77813273,0.012373573,1099.4207
a1939330,0.062292,1.10,922.1000,0.035833,0.035833,68.7868,0.000000,0.000000,0.088751,2.9584,0.11699253,0.0064803549,4.9867821e-06,0.0017899951,0.7481903,0.00032997561,0.59165567,4.4677109,29.371463,1.3547634e-05,0.004533093,1.4107219,0.014900517,874.2053
40db007c,0.150000,1.10,1141.8600,0.000000,0.000000,85.8402,0.000000,0.000000,0.300000,33.1785,0.2171714,0.0083923898,5.9210654e-06,0.0017546151,0.33019819,0.00090931946,0.32290238,4.3898965,30.027624,1.139926e-05,0.0044894702,0.80099978,0.049223769,1092.4744
24e97ea9,0.150000,1.10,1243.8400,0.000000,0.000000,93.2636,0.000000,0.000000,0.300000,35.1160,0.038215495,0.0012354309,9.6911909e-06,0.0014479353,0.5114555,0.00017165917,0.2300358,4.1211995,29.802913,1.4890874e-05,0.0021624972,0.90288247,0.051086426,1194.6007
860d79ef,0.150000,1.10,1165.7200,0.000000,0.000000,88.5781,0.000000,0.000000,0.300000,83.9788,0.14935045,0.0018342277,4.7116048e-05,0.0047878954,0.38293408,0.00027313095,0.59605445,4.6805207,29.37239,9.2000101e-06,0.0031241294,0.66140646,0.059128625,1116.3608
51e5cfa7,0.248419,1.10,768.1200,0.196838,0.196838,57.9565,0.000000,0.000000,0.300000,15.4160,0.026532398,0.0073011517,4.1073605e-06,0.001542607,0.36901484,0.00058815396,0.98880549,4.4347366,29.613586,1.1398382e-05,0.0025267976,0.50423356,0.025172052,718.50127
c9213a8a,0.150000,1.10,1222.1200,0.000000,0.000000,91.6875,0.000000,0.000000,0.300000,21.0056,0.069743538,0.0026502658,7.2047853e-06,0.0017389452,0.99226417,8.1452411e-05,0.40849074,4.2098677,29.232094,8.9870497e-06,0.0037907327,0.50737795,0.031001116,1172.8613
963a4131,0.150000,1.37,1082.8200,0.000000,0.000000,81.5698,0.000000,0.000000,0.300000,35.4689,0.14784414,0.0029862014,4.742447e-06,0.00075754665,0.84079936,0.00062907189,0.66494638,3.9132827,29.307547,6.689566e-06,0.0041561472,0.88286461,0.073130327,1033.4602
f51e9202,0.150000,1.37,1166.5000,0.000000,0.000000,87.6327,0.000000,0.000000,0.300000,41.1174,0.11481525,0.0025072982,3.2791901e-05,0.0096771489,0.9710678,0.00018765908,0.29302564,4.0326315,29.510996,1.5036926e-05,0.0027905155,1.2548177,0.042560131,1117.1866
e7f81ece,9999.000000,1.37,50.2800,0.947426,0.947426,0.0000,1.000000,9999.000000,0.000000,0.0000,0.030220801,0.0023692886,1.7675588e-05,0.00054792119,0.73130024,6.3027183e-05,0.070153054,3.4928046,28.828218,1.4416904e-05,0.0040174322,0.51749117,0.013209437,677.8493
9e809b91,9999.000000,1.37,50.2800,0.947426,0.947426,0.0000,1.000000,9999.000000,0.000000,0.0000,0.17383122,0.0010360036,1.9894585e-05,0.0040168645,0.75238774,0.00023694251,0.95702636,4.2862679,29.755351,3.9116968e-05,0.0049263949,1.826071,0.012991106,1114.2164
ded352db,0.084233,1.37,1245.9800,0.000000,0.000000,93.4479,0.000000,0.000000,0.168466,5.6155,0.41807065,0.0028772821,5.8479866e-06,0.0021503472,0.60522919,0.00027725145,0.56123689,4.5878468,29.61156,8.2568912e-06,0.00081998316,0.7620266,0.015673626,1197.5788
3a8a0a3e,9999.000000,1.37,50.2800,0.947426,0.947426,0.0000,1.000000,9999.000000,0.000000,0.0000,0.11342223,0.0050977657,1.0635779e-05,0.0016451838,0.96662504,0.00026180315,0.33173957,4.6116507,29.46204,3.8423948e-05,0.0044217017,0.70710554,0.012259977,927.67759
7a0e518d,0.226064,1.37,810.8800,0.152127,0.152127,61.1995,0.000000,0.000000,0.300000,33.0661,0.058044375,0.0065566898,4.6518969e-06,0.0041731082,0.79457045,0.0001725237,0.30566081,4.6277002,29.377838,1.8065695e-05,0.0022683316,0.79558953,0.040991059,761.2052
682bfc3c,0.150000,1.37,1248.9400,0.000000,0.000000,95.6164,0.000000,0.000000,0.300000,397.0157,0.070357237,0.0048125875,1.0834185e-05,0.00693413,0.72147421,0.0001659723,0.98974425,4.1075433,30.146426,8.224419e-06,0.003158716,0.56009553,0.096456255,1199.6538
8d31fc56,0.150000,1.37,1159.5600,0.000000,0.000000,87.0936,0.000000,0.000000,0.300000,14.1320,0.11888722,0.0060189237,8.1017756e-05,0.0064686843,0.81661291,0.00085365902,0.82413116,3.7839224,29.595139,1.0067365e-05,0.0037223621,0.81982576,0.020762271,1110.1981
c626ae6c,0.150000,1.37,1202.3600,0.000000,0.000000,92.7747,0.000000,0.000000,0.300000,129.7236,0.035020964,0.0025306011,9.9532387e-06,0.0035552629,0.40250392,0.00012068801,0.43985336,4.4176251,29.935095,1.7559218e-05,0.0032029582,1.9693598,0.059396015,1153.032
ff41f20b,0.150000,1.37,1172.8200,0.000000,0.000000,88.0788,0.000000,0.000000,0.300000,17.8146,0.027510118,0.001615338,6.3325174e-06,0.0015976068,0.88495398,0.00017848616,0.39988588,3.9639349,29.444583,1.5805289e-05,0.0035690784,0.61169433,0.027136941,1123.5026
873d3116,0.150000,1.37,1243.5200,0.000000,0.000000,93.2246,0.000000,0.000000,0.300000,11.4898,0.045035546,0.0010156476,3.254886e-05,0.0026103703,0.98803476,0.0002830493,0.61374133,4.3923227,28.594109,2.2609969e-05,0.0045064403,1.2194705,0.018693832,1194.2174
6b2b96a8,9999.000000,1.37,50.2800,0.947426,0.947426,0.0000,1.000000,9999.000000,0.000000,0.0000,0.085017345,0.0012793012,9.9948044e-06,0.0024196607,0.90920796,0.00026003886,0.98999986,4.7000413,29.720614,2.8579984e-05,0.0049740557,1.6762353,0.013646467,630.065
634f480a,0.150000,1.37,1216.6800,0.000000,0.000000,91.2955,0.000000,0.000000,0.300000,23.7851,0.16092868,0.0013013965,1.2961257e-05,0.002139232,0.991549,0.00016647473,0.25844738,4.0889289,29.973643,2.8085717e-05,0.0037436632,0.65320399,0.031920786,1167.3762
48c3f52f,0.214292,1.37,806.1800,0.157042,0.157042,60.8709,0.000000,0.000000,0.271542,9.0514,0.067857702,0.0030244096,2.8936539e-05,0.0033748184,0.99887882,0.00030003393,0.62470876,4.4525984,29.684926,3.7314107e-06,0.0035926923,1.9342214,0.017703646,756.98591
03e1a7a6,0.150000,1.37,1102.7600,0.000000,0.000000,82.7953,0.000000,0.000000,0.300000,31.4162,0.046172288,0.0056004004,8.3028139e-06,0.0016834781,0.97921424,0.0011900978,0.96302582,4.2217127,29.192954,1.5568848e-05,0.0045966688,0.77847398,0.040195516,1053.4168
7c722def,0.150000,1.37,1149.5200,0.000000,0.000000,86.4086,0.000000,0.000000,0.300000,14.2411,0.028318497,0.0080376642,1.5359412e-05,0.00050849133,0.94601904,0.00050590749,0.90547856,5.1509557,29.302557,3.2170774e-05,0.0020239474,0.879388,0.020782645,1100.1652
ec4121b2,9999.000000,1.37,50.2800,0.947426,0.947426,0.0000,1.000000,9999.000000,0.000000,0.0000,0.1038475,0.0017236357,1.3659133e-05,0.0016785997,0.91085655,0.00061519132,0.84519604,4.3331352,29.390129,2.7423057e-06,0.0047999837,1.034594,0.012346769,955.21144
3e6670f7,0.147230,1.37,1117.5000,0.000000,0.000000,84.0703,0.000000,0.000000,0.294461,9.8154,0.16480883,0.0013824982,8.6746203e-06,0.0061444567,0.28329324,0.00033285679,0.21119406,4.4264211,30.040521,3.7740939e-05,0.0048124846,1.4849464,0.017732392,1068.317
c4fdc963,0.150000,1.37,1109.4600,0.000000,0.000000,83.5174,0.000000,0.000000,0.300000,26.0338,0.35102466,0.0037551786,3.6932867e-05,0.00090543951,0.91205719,0.0011001077,0.46762949,4.1373902,29.223127,6.1905407e-06,0.0033773838,0.61506856,0.035278251,1060.0898
b5ec299f,0.102304,1.64,1248.4000,0.000000,0.000000,93.6291,0.000000,0.000000,0.204608,6.8203,0.056226047,0.0022985622,3.2604157e-06,0.0041425874,0.48544178,0.00034094668,0.28863034,4.2849097,29.212661,1.0243996e-05,0.0049302363,0.8603445,0.016304477,1199.6871
130fef18,0.150000,1.64,1116.9800,0.000000,0.000000,83.8329,0.000000,0.000000,0.300000,24.8964,0.11068272,0.0029942023,1.4548021e-05,0.0063498469,0.21532579,6.7555024e-05,0.30282803,4.1395774,29.15614,5.5949379e-06,0.0036366262,1.3052356,0.027595505,1067.5998
e7ac3dca,0.117091,1.64,1188.0600,0.000000,0.000000,89.2416,0.000000,0.000000,0.234181,7.8060,0.073726276,0.00078862302,3.26941e-06,0.003758915,0.70670918,0.00017322777,0.44391629,4.3184753,29.375836,1.7712848e-05,0.0034384846,0.657564,0.016423626,1139.2808
8640ebbe,0.150000,1.64,1240.1000,0.000000,0.000000,92.9739,0.000000,0.000000,0.300000,21.6325,0.088981211,0.00085661264,2.0413337e-05,0.0055020558,0.84326571,9.2778915e-05,0.61803533,4.0035045,30.442184,5.8841227e-05,0.00069392792,0.7488902,0.028053425,1190.8005
ed98e861,0.084850,1.64,1244.3000,0.000000,0.000000,93.3295,0.000000,0.000000,0.169699,5.6566,0.19329517,0.0022626836,7.4221618e-06,0.0020413703,0.4550995,0.00045615812,0.34813412,4.8661647,29.651743,1.4014319e-05,0.0026304726,0.50541149,0.016434072,1195.5463
ad41a104,0.150000,1.64,1243.7200,0.000000,0.000000,93.2399,0.000000,0.000000,0.300000,22.3074,0.053773689,0.0045684745,2.2816904e-05,0.002839017,0.98518599,0.00013689127,0.71620552,4.342984,29.210836,2.9162089e-05,0.0024898815,1.1012721,0.026743648,1194.4411
ce4a0c2a,0.076137,1.64,1233.1800,0.000000,0.000000,91.2912,0.000000,0.000000,0.152275,5.0758,0.033445579,0.0027106235,2.1358289e-05,0.0080536807,0.32071643,0.00028097921,0.88096128,3.2784125,29.136337,3.8004924e-05,0.0039679989,1.1342686,0.014753355,1185.5294
35026145,0.150000,1.64,1248.2200,0.000000,0.000000,95.4315,0.000000,0.000000,0.300000,43.7096,0.12357004,0.0024527464,7.9204611e-06,0.0025997381,0.59889271,0.00048857645,0.55334524,4.1453791,30.20186,1.3373966e-05,0.0016268535,0.53626057,0.037059281,1198.9873
a6bb04f6,9999.000000,1.64,50.2800,0.947426,0.947426,0.0000,1.000000,9999.000000,0.000000,0.0000,0.12346339,0.0019149243,1.5176581e-06,0.0015149773,0.76409854,0.00040611519,0.23617949,3.8249468,29.47448,2.431509e-05,0.004060412,1.5877187,0.012410853,1165.2905
f249e1ff,0.371274,1.64,625.8800,0.345567,0.345567,46.9606,0.138545,0.096981,0.300000,28.1696,0.3970673,0.003779038,9.6550111e-05,0.0022091064,0.72618756,0.00061737954,0.15505716,4.48442,29.890567,1.3983129e-05,0.0029010445,0.50562268,0.067187413,576.11189
83738e6b,0.067414,1.64,1059.5200,0.000000,0.000000,79.4151,0.000000,0.000000,0.134828,4.4943,0.12622709,0.0043336507,4.7960604e-06,0.0033998614,0.99492295,0.00043522201,0.62076924,4.0978908,30.061092,5.4139364e-06,0.0012222249,0.51859979,0.016100268,1010.8782
33993770,0.142471,1.64,1040.3600,0.000000,0.000000,78.4173,0.000000,0.000000,0.284941,9.4980,0.21941304,0.0011162529,7.1456401e-06,0.0011345878,0.63569096,6.9397472e-05,0.57446623,4.5370637,29.32193,7.9549273e-06,0.0035133786,0.74373963,0.017835842,991.1464
4d861f76,9999.000000,1.64,50.3000,0.947405,0.947405,0.0000,1.000000,9999.000000,0.000000,0.0000,0.32122576,0.0011416916,5.0201746e-06,0.0011204736,0.99899768,7.2643518e-05,0.88449633,4.2586227,29.443996,8.1344937e-06,0.0045646848,0.54078269,0.01389255,1126.6272
a03749ae,0.227758,1.64,807.6400,0.155515,0.155515,60.9577,0.000000,0.000000,0.300000,30.7447,0.29673223,0.0070396932,1.4042408e-05,0.0035336943,0.83252118,0.00052336319,0.26216653,4.8909887,30.35837,1.8514539e-05,0.0049629941,1.3242699,0.033098543,758.05554
7a2456b1,0.150000,1.64,1018.7200,0.000000,0.000000,76.9082,0.000000,0.000000,0.300000,45.2100,0.055193494,0.0033322393,2.0024047e-05,0.004458267,0.50371427,0.00025704079,0.7115362,4.1654403,29.890433,5.4656518e-06,0.003028867,1.2218625,0.062062531,969.33132
aec32db0,0.150000,1.64,1249.0800,0.000000,0.000000,93.6111,0.000000,0.000000,0.300000,13.3957,0.11737273,0.0037020444,4.7047527e-06,0.0017318157,0.76678866,6.0302141e-05,0.89971351,4.3904101,29.579088,1.5652743e-05,0.00025264173,1.9955296,0.019455684,1199.7856
b484e54e,0.150000,1.64,1241.1400,0.000000,0.000000,95.2955,0.000000,0.000000,0.300000,41.7429,0.21307681,0.0030196004,3.0811749e-06,0.0032414968,0.78116841,0.00027002915,0.50609211,4.525746,29.358744,1.0695956e-05,0.0013594802,0.71388206,0.099999536,1191.8479
8f8cf68d,0.150000,1.64,1249.2800,0.000000,0.000000,93.6441,0.000000,0.000000,0.300000,27.9663,0.020155925,0.001719093,5.8712641e-06,0.0041547966,0.34172725,0.00027165778,0.33659966,4.3557859,29.695745,7.910572e-05,0.0021752801,0.77006415,0.033924657,1199.9892
3477fead,0.150000,1.64,1207.3400,0.000000,0.000000,90.6197,0.000000,0.000000,0.300000,36.4108,0.034631111,0.0046624242,4.3319121e-06,0.0027690186,0.46361967,0.0001792349,0.51625653,3.6828816,29.710711,8.5998852e-06,0.0033554995,1.2709203,0.036982014,1158.0129
8f72ad48,9999.000000,1.64,50.3000,0.947405,0.947405,0.0000,1.000000,9999.000000,0.000000,0.0000,0.037832257,0.0011730427,1.9850489e-05,0.0057407308,0.88931829,0.00044161912,0.42619544,4.5972526,30.108028,1.3498375e-05,0.002634609,1.1730732,0.012469795,1077.405
c56821a3,0.064545,1.89,896.2400,0.062873,0.062873,65.6976,0.000000,0.000000,0.066218,2.2073,0.065788452,0.0038794078,1.0944222e-05,0.0063768558,0.89637703,0.00015852872,0.74050839,4.0388409,29.787446,1.1433775e-05,0.00044929334,0.95166895,0.014521348,849.08736
9e63aefa,9999.000000,1.89,50.2800,0.947426,0.947426,0.0000,1.000000,9999.000000,0.000000,0.0000,0.06740798,0.0031220199,3.4326318e-06,0.0046251511,0.27619333,0.00038832933,0.59723461,3.7789046,29.114128,6.4479316e-05,0.0033644781,1.1891065,0.012182406,1123.5653
28cea3d5,9999.000000,1.89,50.2800,0.947426,0.947426,0.0000,1.000000,9999.000000,0.000000,0.0000,0.13222165,0.0028876459,1.4557704e-05,0.0031391197,0.61066806,0.00018349902,0.62596062,3.6863572,29.636271,3.9492616e-06,0.0018250731,0.9189454,0.012162633,746.90107
5505d3c4,0.150000,1.89,1249.1600,0.000000,0.000000,93.6124,0.000000,0.000000,0.300000,10.4946,0.09177716,0.0030015332,1.4129405e-05,0.0093588234,0.97531425,9.627993e-05,0.47179987,4.1634531,29.868865,1.9467314e-05,0.0001838049,0.68826516,0.018989407,1199.9243
36583f58,0.148800,1.89,1134.9200,0.000000,0.000000,85.3215,0.000000,0.000000,0.297600,9.9200,0.15949217,0.001895613,2.1139615e-05,0.004662263,0.40282615,0.00019795135,0.6612808,4.4008686,29.323926,5.0027983e-06,0.0032120945,0.58337141,0.01938338,1085.5441
b69571d4,0.064884,1.89,1123.0000,0.000000,0.000000,84.1225,0.000000,0.000000,0.129768,4.3256,0.40868154,0.002434912,9.2501836e-06,0.0061975439,0.57372539,0.00048219317,0.98793951,3.9520375,29.526647,3.7265576e-05,0.0020073231,1.9997185,0.015294765,1074.7838
9b3403ef,0.135466,1.89,1246.2800,0.000000,0.000000,93.4396,0.000000,0.000000,0.270931,9.0310,0.50343119,0.00079654948,1.3071221e-05,0.0025797486,0.46388693,0.00023782814,0.64928383,3.7536217,29.97515,9.4853435e-06,0.0022660435,0.503601,0.018286712,1197.0122
c1d957a8,0.150000,1.89,1088.9800,0.000000,0.000000,82.0231,0.000000,0.000000,0.300000,16.6046,0.10764364,0.0054915956,1.6392979e-06,0.002513942,0.85958452,0.00024198495,0.6391653,4.6764876,29.44447,2.1858934e-06,0.0034554931,1.2458293,0.021972867,1039.6175
3c63ff81,0.128232,1.89,992.4600,0.000000,0.000000,75.0395,0.000000,0.000000,0.256464,8.5488,0.30706301,0.00381219,1.9335986e-06,0.0037964143,0.89281563,0.00058029223,0.19246824,3.7680933,30.353854,2.1757999e-05,0.0026902908,0.50090932,0.017578078,943.31279
aa179c6c,0.150000,1.89,1230.1000,0.000000,0.000000,92.4582,0.000000,0.000000,0.300000,46.0159,0.084547814,0.0027967779,2.6264067e-06,0.013126746,0.8421092,6.7128901e-05,0.32255603,4.195726,30.263704,1.7080146e-05,0.0017935162,0.51224575,0.042002721,1180.8519
d90a3aca,9999.000000,1.89,50.2800,0.947426,0.947426,0.0000,1.000000,9999.000000,0.000000,0.0000,0.073146749,0.0011054366,1.3911341e-05,0.0048796059,0.68871443,0.00037696783,0.82362202,3.9082443,29.285237,1.4430818e-05,0.0014189229,1.0641022,0.012470944,1192.2723
55cbfa36,9999.000000,1.89,50.2800,0.947426,0.947426,0.0000,1.000000,9999.000000,0.000000,0.0000,0.027223081,0.0022255368,7.380623e-06,0.0055523706,0.69009201,0.00017608226,0.79258967,4.3978942,29.968538,3.1366085e-05,0.0029294755,0.79625764,0.012200593,582.70807
b9ebfe74,9999.000000,1.89,50.2800,0.947426,0.947426,0.0000,1.000000,9999.000000,0.000000,0.0000,0.065748317,0.022253772,3.4228578e-06,0.004567741,0.53737946,0.00014492764,0.56631541,3.9960496,29.378145,8.0761744e-06,0.002604796,0.61674669,0.012111025,1193.9562
2840185a,0.150000,1.89,1182.5800,0.000000,0.000000,88.8003,0.000000,0.000000,0.300000,30.2470,0.062500226,0.00064103672,1.9735588e-05,0.0022168677,0.31878764,0.00025893,0.80310516,3.833014,28.890211,7.9609393e-06,0.0041414298,0.74665999,0.040511858,1133.2303
937f33c3,0.150000,1.89,1240.4000,0.000000,0.000000,93.0112,0.000000,0.000000,0.300000,45.8009,0.081558015,0.0026302636,4.0438142e-06,0.0041462971,0.73256943,0.0004654635,0.80028829,4.3129303,29.746102,1.4831525e-05,0.0031094391,1.4577878,0.043178387,1191.0881
2028094d,9999.000000,1.89,50.2800,0.947426,0.947426,0.0000,1.000000,9999.000000,0.000000,0.0000,0.057419314,0.0016003803,1.0736581e-05,0.0091819412,0.65276606,0.00037189703,0.54069365,3.7711213,29.283144,1.6264464e-05,0.001240443,0.65558085,0.012010967,1197.0685
d53aeda1,0.150000,1.89,1210.7400,0.000000,0.000000,90.8670,0.000000,0.000000,0.300000,35.1462,0.32664559,0.0019893428,2.0929339e-06,0.01821125,0.88776558,0.00015964537,0.051540991,3.7104212,30.018141,1.9333109e-05,0.0020098983,1.0364888,0.03963252,1161.4566
e92a8437,0.125891,1.89,1208.8200,0.000000,0.000000,90.7377,0.000000,0.000000,0.251783,8.3928,0.13363623,0.0036046351,2.4990656e-06,0.0045631104,0.63691464,6.4045137e-05,0.28186776,5.3898638,28.940276,4.6688714e-06,0.0036434584,1.1103295,0.016918466,1159.8571
cb8ce168,9999.000000,1.89,50.2800,0.947426,0.947426,0.0000,1.000000,9999.000000,0.000000,0.0000,0.25022767,0.00097394493,1.1073525e-05,0.0018389113,0.94056936,0.00012831065,0.75498508,3.5268961,29.396909,1.8621851e-05,0.0036020336,0.50059447,0.012347188,931.14609
2fb04154,0.150000,1.89,1228.4400,0.000000,0.000000,94.6579,0.000000,0.000000,0.300000,128.2218,0.046600403,0.0048765191,4.3503992e-05,0.0016167988,0.7324138,5.7728804e-05,0.6031008,3.8083667,29.485765,3.9821136e-06,0.0047845324,1.9860434,0.062537454,1179.1226
8b6d1b97,0.071586,2.11,1070.7800,0.000000,0.000000,80.6786,0.000000,0.000000,0.143173,4.7724,0.043960299,0.0014987326,2.2493524e-05,0.010582611,0.73331149,0.00015025657,0.73362821,3.3335833,29.910495,2.6852706e-05,0.0029243923,0.95704908,0.015622628,1022.3517
26eb655f,9999.000000,2.11,50.2800,0.947426,0.947426,0.0000,1.000000,9999.000000,0.000000,0.0000,0.24254349,0.0013904569,7.9134382e-06,0.0021197457,0.81756,0.00059545603,0.30916006,4.0432115,29.84812,2.9746095e-05,0.0035643081,0.59321093,0.013048684,1192.2416
66be054f,9999.000000,2.11,50.2800,0.947426,0.947426,0.0000,1.000000,9999.000000,0.000000,0.0000,0.16672731,0.0011245604,1.1420167e-05,0.0064107691,0.99898218,6.1249269e-05,0.6506403,3.964377,29.512422,6.7622728e-06,0.0010294854,1.4084158,0.01273203,1175.5841
a16da9d1,0.048744,2.11,970.7200,0.000000,0.000000,72.5003,0.000000,0.000000,0.097489,3.2496,0.18018587,0.0018060772,6.1686253e-06,0.026489691,0.57270791,9.5023713e-05,0.88826859,4.5575854,30.020691,2.6588868e-05,0.0010327374,1.4250567,0.014955686,922.77232
c2c23e08,0.150000,2.11,1224.8600,0.000000,0.000000,91.8882,0.000000,0.000000,0.300000,24.6007,0.38043437,0.0052633068,1.5783124e-05,0.00089065337,0.69418327,0.00022136661,0.31958669,4.8166349,30.617318,3.0576174e-05,0.0027347573,1.6874275,0.025355639,1175.5942
cd5e84da,9999.000000,2.11,50.2800,0.947426,0.947426,0.0000,1.000000,9999.000000,0.000000,0.0000,0.073004037,0.0011320339,1.9054189e-05,0.0028361995,0.84916255,0.00010686733,0.37196616,4.3692408,29.488733,7.8196984e-06,4.3301933e-05,0.86025595,0.013068705,1082.5429
6956c616,9999.000000,2.11,50.2800,0.947426,0.947426,0.0000,1.000000,9999.000000,0.000000,0.0000,0.12606212,0.0015213533,1.7849359e-05,0.0049036451,0.54129823,0.0001509053,0.98801531,4.4459689,29.367331,9.32287e-06,0.0022757413,0.90384826,0.013233046,888.05799
81f82c10,0.150000,2.11,1247.8400,0.000000,0.000000,93.5345,0.000000,0.000000,0.300000,23.3206,0.4927159,0.002028488,7.21197e-06,0.0020372237,0.24932432,0.00024339475,0.21864914,4.2765191,30.040373,1.2279976e-05,0.0033837029,1.0572335,0.027638154,1198.6021
61da30c5,0.137024,2.11,877.8200,0.082133,0.082133,66.3955,0.000000,0.000000,0.191914,6.3971,0.04486314,0.0032801225,5.5300637e-05,0.015169375,0.97046147,0.00015266648,0.7544636,4.0368537,29.698052,1.8785306e-05,0.00060278262,1.0196018,0.016001844,829.20703
340bebe2,0.095442,2.11,1244.2000,0.000000,0.000000,93.3368,0.000000,0.000000,0.190884,6.3628,0.027559836,0.00089593991,1.0591312e-05,0.004002888,0.99884259,0.00029162394,0.90364717,4.2216256,29.29785,8.0804192e-06,0.0031417055,1.1932623,0.015991663,1195.627
0b0ebb36,9999.000000,2.11,50.2800,0.947426,0.947426,0.0000,1.000000,9999.000000,0.000000,0.0000,0.2539636,0.0023106376,1.4391577e-05,0.016040286,0.85145794,0.00034685974,0.58469453,4.2596078,29.642113,5.2345358e-05,0.00066527688,0.71414272,0.012095897,1192.0948
476276d8,0.150000,2.11,1184.5400,0.000000,0.000000,88.9456,0.000000,0.000000,0.300000,21.4384,0.23078953,0.0089525099,5.2507307e-06,0.0023531422,0.70674361,0.00011929576,0.61198063,4.7307577,29.150495,1.9152539e-05,0.0022101634,0.81652618,0.027267085,1135.231
91216e34,0.106851,2.11,822.5600,0.139914,0.139914,60.6911,0.000000,0.000000,0.073787,2.4596,0.083669149,0.0034515624,2.5492862e-05,0.0071800403,0.78790624,0.0003477474,0.64640793,3.6338824,29.463882,1.7800824e-05,0.0014156302,0.90713819,0.01462825,775.05943
9acca9a5,0.179345,2.11,900.2400,0.058691,0.058691,68.0575,0.000000,0.000000,0.300000,11.9097,0.14943477,0.0021044087,1.6166773e-05,0.0036461554,0.79145708,0.00097266968,0.80996649,4.4962026,29.341823,4.3396988e-05,0.0037549592,0.93466394,0.019038734,850.75213
1587d9d7,9999.000000,2.11,50.3000,0.947405,0.947405,0.0000,1.000000,9999.000000,0.000000,0.0000,0.096459488,0.0014483133,4.4243877e-06,0.0045683144,0.99871702,4.5449665e-05,0.91361792,3.872748,29.216661,1.7365566e-05,0.0011122668,0.59234103,0.012062002,1179.166
1737dd60,0.089129,2.11,1051.2200,0.000000,0.000000,78.7160,0.000000,0.000000,0.178258,5.9419,0.067949296,0.0029964448,5.1853257e-06,0.0090383835,0.9312656,0.00033942741,0.55683815,3.8598879,29.064244,8.7307117e-06,0.0015597359,0.60137929,0.015448922,1002.8941
eab7bf44,9999.000000,2.11,50.3000,0.947405,0.947405,0.0000,1.000000,9999.000000,0.000000,0.0000,0.094928274,0.0012537893,3.2814629e-06,0.030368269,0.86256374,0.00012233232,0.83432985,4.1823996,29.854247,2.8239551e-06,0.0024401929,0.54163829,0.014076629,1133.9083
dcc68f42,9999.000000,2.11,50.2800,0.947426,0.947426,0.0000,1.000000,9999.000000,0.000000,0.0000,0.12556998,0.0032882698,3.2142433e-06,0.0029401031,0.8813207,0.00010432848,0.5566262,3.7740678,29.074885,6.5471813e-06,0.0037094648,1.0985603,0.012867155,858.93064
dc700571,0.150000,2.11,1205.8400,0.000000,0.000000,90.5140,0.000000,0.000000,0.300000,35.9871,0.084452527,0.0024555407,6.5732575e-06,0.0025468223,0.51554003,0.00018027748,0.9896535,4.4927736,29.424199,1.1642077e-05,0.0019468776,1.1751472,0.037202318,1156.5456
c3360e8e,0.058304,2.11,1196.4800,0.000000,0.000000,88.4614,0.000000,0.000000,0.116608,3.8869,0.12353257,0.0029316604,1.1774616e-05,0.042503264,0.72733876,0.00032364175,0.23177945,4.1938087,29.252786,4.7173813e-05,0.0024190573,0.83840749,0.014713652,1148.858
c60d7ffc,9999.000000,2.34,50.2800,0.947426,0.947426,0.0000,1.000000,9999.000000,0.000000,0.0000,0.23794405,0.00065131498,9.0104722e-06,0.017967745,0.6870191,0.00026315391,0.53759987,3.3890747,29.575959,6.3649753e-05,0.0013719505,0.67147677,0.012074686,753.38237
db69a3a1,0.129346,2.34,1145.0800,0.000000,0.000000,86.1232,0.000000,0.000000,0.258691,8.6230,0.19260887,0.0010543081,1.2898074e-05,0.046708254,0.19849954,0.00013404753,0.44473996,3.6513195,29.694073,2.7083774e-05,4.1237972e-05,1.9986085,0.016528688,1096.2599
c6f71374,9999.000000,2.34,50.2800,0.947426,0.947426,0.0000,1.000000,9999.000000,0.000000,0.0000,0.15097964,0.0011395028,2.3107142e-05,0.056348828,0.65166647,0.00011018115,0.11905518,3.989404,29.856449,5.8433386e-05,0.00063822019,0.97764858,0.012149179,974.96065
abd3cc18,0.138793,2.34,1237.2200,0.000000,0.000000,92.8082,0.000000,0.000000,0.277585,9.2528,0.10404132,0.0043265356,2.5609433e-05,0.017168578,0.57497805,0.00028574637,0.98987778,3.7894318,29.815201,5.7983267e-05,0.0042002805,1.5289701,0.016924232,1188.2938
3d29a47c,0.112576,2.34,1246.6800,0.000000,0.000000,93.2721,0.000000,0.000000,0.225152,7.5051,0.3795472,0.0040591922,2.9636973e-05,0.013212132,0.75243467,0.0017550896,0.95603521,3.3950617,28.942941,2.0337129e-05,0.0033087927,0.66150676,0.015858329,1198.1757
0815b95e,0.150000,2.34,1161.1800,0.000000,0.000000,87.2601,0.000000,0.000000,0.300000,10.1007,0.13247878,0.002412202,2.7511507e-06,0.023558223,0.23737618,0.0001045386,0.63929911,4.2677311,29.017864,8.6186507e-06,0.0022545319,0.60946099,0.019134275,1111.8605
57fb07cd,9999.000000,2.34,50.3000,0.947405,0.947405,0.0000,1.000000,9999.000000,0.000000,0.0000,0.06553376,0.0015504342,5.4806771e-06,0.015738215,0.68744234,0.00030142297,0.66512059,4.7679936,29.431411,1.7346098e-05,0.001603335,0.63319011,0.012336498,846.15744
b2c5fc6e,9999.000000,2.34,50.2800,0.947426,0.947426,0.0000,1.000000,9999.000000,0.000000,0.0000,0.12428934,0.0017853749,2.3351342e-05,0.0029756923,0.44713636,0.0001446074,0.3428405,4.6362747,29.404025,2.5012285e-05,0.0035776324,1.0281019,0.012977344,1155.5198
808fba90,9999.000000,2.34,50.2800,0.947426,0.947426,0.0000,1.000000,9999.000000,0.000000,0.0000,0.075466296,0.00040927103,5.2888621e-06,0.0049270314,0.044437368,8.7499789e-05,0.24025821,3.9438144,30.132468,2.4641219e-05,0.0032716537,0.77599143,0.012021359,1199.9585
6ed7bbc7,9999.000000,2.34,50.2800,0.947426,0.947426,0.0000,1.000000,9999.000000,0.000000,0.0000,0.031488248,0.01016524,1.917875e-05,0.013527257,0.79023332,0.00028908576,0.83345867,3.7683345,29.787137,4.5724334e-05,0.0028092908,1.5459406,0.01298186,1080.6952
fd1d2a9e,0.150000,2.34,1198.0400,0.000000,0.000000,89.9403,0.000000,0.000000,0.300000,12.9414,0.045358727,0.0031497821,2.8939099e-05,0.01970272,0.98096415,0.0001937554,0.50352146,3.2474132,30.107218,6.5050816e-05,0.0018663837,0.72281095,0.019621771,1148.7464
53a1c0fd,0.150000,2.34,1123.0600,0.000000,0.000000,84.4709,0.000000,0.000000,0.300000,22.2546,0.085417378,0.00094179274,7.4798483e-06,0.026747097,0.23641804,0.00026760178,0.71012305,4.4243638,29.621437,8.7439029e-05,0.00067831466,0.83000668,0.027852138,1073.7214
6e663a67,0.098398,2.34,961.2800,0.000000,0.000000,72.4828,0.000000,0.000000,0.196797,6.5599,0.070255616,0.0045233965,1.0663219e-05,0.0072405652,0.72350916,7.3882136e-05,0.81255366,3.9074771,29.155635,8.8490047e-06,0.003000298,1.9373794,0.016056416,912.6404
32b00827,0.150000,2.34,1249.0000,0.000000,0.000000,93.6357,0.000000,0.000000,0.300000,17.4245,0.10728264,0.0054752473,6.9348545e-06,0.036621012,0.85995209,0.00011830574,0.77730392,4.5149357,29.737536,2.7060051e-05,0.0018975911,1.0106367,0.021711538,1199.7302
310fc0e0,0.381298,2.34,601.2800,0.371289,0.371289,45.0669,0.173282,0.121298,0.270009,9.0003,0.071283693,0.00099953879,2.083578e-05,0.019135722,0.81570128,0.00055632248,0.75934363,4.3237925,29.620693,7.2906221e-05,0.0030108537,0.63472841,0.018489551,551.84233
132998b8,0.139340,2.34,946.0200,0.010822,0.010822,71.4665,0.000000,0.000000,0.267859,8.9286,0.16502435,0.0020961569,6.2906978e-06,0.0087958904,0.99279083,0.00061623524,0.48111394,4.2405521,29.775065,7.444816e-05,0.0014940336,1.1148537,0.016713001,897.12675
f5c9ae59,0.133754,2.34,1116.7600,0.000000,0.000000,84.0256,0.000000,0.000000,0.267507,8.9169,0.1067564,0.0015430117,6.0664916e-06,0.013995819,0.01531674,0.00010246457,0.66248209,4.5926198,29.596038,1.3780515e-05,0.0025667473,1.0407622,0.017141681,1067.7255
22ab60f0,0.150000,2.34,1005.9800,0.000000,0.000000,75.9176,0.000000,0.000000,0.300000,15.5993,0.033935734,0.014762982,4.8032196e-05,0.007858736,0.85784571,0.00010010199,0.74140641,4.4099233,29.541169,3.6410003e-05,0.0034845853,0.70986826,0.023511828,956.57561
46f281e0,0.150000,2.34,1053.6200,0.000000,0.000000,79.3763,0.000000,0.000000,0.300000,14.4102,0.049775571,0.0080587787,2.5148254e-05,0.040122061,0.86991412,0.00027465882,0.95946627,3.8013115,29.908874,1.5728289e-05,0.0012317152,1.0438519,0.020675807,1004.1821
a20c6384,9999.000000,2.34,50.2800,0.947426,0.947426,0.0000,1.000000,9999.000000,0.000000,0.0000,0.04491206,0.0010395603,3.3356776e-05,0.075931867,0.73866715,0.00023014766,0.89345928,4.3281372,29.563173,1.1896017e-05,0.0041751959,0.92809893,0.013241928,1085.0906
c1824ca8,0.127710,2.57,1099.9800,0.000000,0.000000,82.7825,0.000000,0.000000,0.255421,8.5140,0.022323747,0.007216842,1.1240205e-05,0.019100378,0.99386204,0.00036443708,0.96164899,3.9686796,29.294533,5.8268124e-06,0.0020859912,0.50040274,0.017792555,1050.7925
a4636c2a,0.150000,2.57,1236.5000,0.000000,0.000000,92.7309,0.000000,0.000000,0.300000,20.1443,0.088633291,0.00096975401,1.860127e-05,0.012199196,0.22238267,0.00035675906,0.98193675,3.9426489,30.57145,3.5150828e-05,0.0011833217,1.1090197,0.024211118,1187.2001
95d05107,0.327423,2.57,682.3200,0.286552,0.286552,49.1947,0.097562,0.068293,0.300000,10.3991,1.060154,0.010639108,8.9029807e-06,0.071183401,0.31607137,0.00014004621,0.75954339,3.4836373,29.626678,2.2934908e-05,0.0043657519,1.1785935,0.018075613,633.34774
34490219,0.058003,2.57,1033.5400,0.000000,0.000000,77.9056,0.000000,0.000000,0.116005,3.8668,0.255534,0.0074160614,2.3572829e-05,0.0017678299,0.94339888,0.00051841569,0.74706503,3.717426,29.189767,5.718111e-06,0.0022675018,0.95682373,0.015533342,985.17191
cd0d1524,0.150000,2.57,1167.6400,0.000000,0.000000,87.6975,0.000000,0.000000,0.300000,15.9286,0.082746983,0.0012936486,2.0874068e-05,0.070073615,0.87787566,0.00046830266,0.98999395,3.8519683,29.056991,2.8071213e-05,0.0014492794,0.70824032,0.023125323,1118.25
c4d7731e,0.400440,2.57,597.4000,0.375346,0.375346,44.7371,0.179333,0.125533,0.300000,47.7113,0.087361795,0.0015034067,9.6198444e-06,0.014603495,0.99633207,0.0006009239,0.71347354,3.8148299,29.437503,2.5750808e-05,0.0013319764,1.9765545,0.036178243,547.6507
200ec719,9999.000000,2.57,50.2800,0.947426,0.947426,0.0000,1.000000,9999.000000,0.000000,0.0000,0.21549271,0.011532978,8.3311876e-06,0.0069865828,0.31044569,6.3861158e-05,0.83384518,3.5457764,29.782809,2.4488102e-05,0.0021229467,1.1396095,0.012037107,1117.4963
d418ce8d,9999.000000,2.57,50.2800,0.947426,0.947426,0.0000,1.000000,9999.000000,0.000000,0.0000,0.062864189,0.0030099229,2.0052052e-05,0.017649513,0.51965252,0.00019010022,0.62190957,4.4008395,28.954104,1.258654e-05,0.0016458436,0.83524256,0.012207264,1194.8655
cd80852e,0.150000,2.57,1155.1800,0.000000,0.000000,86.8238,0.000000,0.000000,0.300000,16.3695,0.030049098,0.0024074632,3.4153506e-05,0.028896094,0.81920515,0.00033562985,0.98523455,4.3503099,29.570967,5.6114698e-05,0.0010393797,0.68838411,0.023047588,1105.8426
f3ce3136,0.204158,2.57,852.7800,0.108316,0.108316,64.4416,0.000000,0.000000,0.300000,20.9532,0.65438324,0.002480026,1.6992846e-05,0.019608587,0.52667241,0.00014620373,0.84433668,3.9781133,29.081687,4.5164485e-05,0.00095682792,1.2045511,0.025532796,803.27106
c02b9bde,9999.000000,2.57,50.2800,0.947426,0.947426,0.0000,1.000000,9999.000000,0.000000,0.0000,0.091462903,0.0053684893,5.8227549e-06,0.004210522,0.70427798,0.00021194457,0.96858368,3.9952869,29.436306,2.3304989e-05,0.00088374625,1.6191537,0.013341265,1151.4812
085a2793,9999.000000,2.57,50.2800,0.947426,0.947426,0.0000,1.000000,9999.000000,0.000000,0.0000,0.19320662,0.0060899871,7.4077283e-06,0.0034495053,0.94007007,7.6541686e-05,0.64925906,4.0252409,29.987833,2.9766439e-05,0.0014068689,1.9999798,0.012005774,1192.0786
c13033fd,0.134494,2.57,1243.9400,0.000000,0.000000,93.2551,0.000000,0.000000,0.268987,8.9662,0.16353602,0.0021311892,3.4717763e-06,0.016813822,0.38177938,0.00047586184,0.72100792,3.2822264,29.22465,6.1367949e-06,0.0021765449,0.58138963,0.018926087,1194.6551
678e82df,0.150000,2.57,1231.2200,0.000000,0.000000,92.3466,0.000000,0.000000,0.300000,20.8122,0.17039767,0.0011480118,2.3275066e-05,0.066464952,0.77916934,8.8450197e-05,0.46917336,4.6419695,29.667644,1.6474837e-05,0.0031926637,1.1687521,0.024390619,1181.9315
b6665036,9999.000000,2.57,50.2800,0.947426,0.947426,0.0000,1.000000,9999.000000,0.000000,0.0000,0.085061516,0.0015556813,1.8371197e-06,0.02248489,0.57525693,0.000271544,0.56740393,3.9865714,29.588744,2.3626914e-05,0.0016273294,0.51203999,0.013200166,622.18977
3e144a6b,9999.000000,2.57,50.2800,0.947426,0.947426,0.0000,1.000000,9999.000000,0.000000,0.0000,0.052672784,0.0038916575,2.192285e-06,0.029931579,0.41795528,0.00018241833,0.97447873,4.280039,29.210068,9.2749311e-06,0.0031131789,0.95002125,0.014044344,864.30743
09fdcc74,0.057282,2.57,1119.0200,0.000000,0.000000,83.0224,0.000000,0.000000,0.114563,3.8188,0.094241838,0.01524195,7.4574287e-06,0.015241055,0.96147382,0.00010844693,0.43767818,3.476682,29.37595,3.3906251e-05,0.00085581232,1.531155,0.014828555,1071.2371
8f7392e0,9999.000000,2.57,50.2800,0.947426,0.947426,0.0000,1.000000,9999.000000,0.000000,0.0000,0.084614509,0.0088967967,8.8518883e-06,0.023731343,0.82072584,0.00017913303,0.58986925,3.9869955,29.381577,3.0975356e-05,0.0014187031,1.6468769,0.012112282,1120.0067
4fbe82ff,0.150000,2.57,1236.7800,0.000000,0.000000,92.7356,0.000000,0.000000,0.300000,26.1101,0.05352276,0.0022783353,3.3551242e-05,0.0093762064,0.86958936,0.00014321996,0.68804002,3.495836,29.311581,3.8026293e-05,0.0017670011,1.3922515,0.027305917,1187.4689
dd0d4b8d,9999.000000,2.57,50.2800,0.947426,0.947426,0.0000,1.000000,9999.000000,0.000000,0.0000,0.029167045,0.0017179239,2.4969194e-05,0.0066085546,0.51904392,0.00016837273,0.89011761,3.4281309,29.446608,6.0671769e-05,0.0038149776,1.5993972,0.013802755,1198.2667
